image_names,class
5603.jpg,0
1286.jpg,0
9815.jpg,0
8865.jpg,0
9306.jpg,0
1710.jpg,0
20510.jpg,0
4942.jpg,0
2830.jpg,0
17536.jpg,0
9911.jpg,0
11448.jpg,0
7329.jpg,0
11477.jpg,0
21175.jpg,0
7755.jpg,0
20362.jpg,0
63.jpg,0
25082.jpg,0
17127.jpg,0
15266.jpg,0
8669.jpg,0
6864.jpg,0
5563.jpg,0
5483.jpg,0
4074.jpg,0
137.jpg,0
14874.jpg,0
2735.jpg,0
5945.jpg,0
15352.jpg,0
26503.jpg,0
3591.jpg,0
10561.jpg,0
22902.jpg,0
3215.jpg,0
28842.jpg,0
10928.jpg,0
7284.jpg,0
23005.jpg,0
1219.jpg,0
7269.jpg,0
11389.jpg,0
11034.jpg,0
15173.jpg,0
8553.jpg,0
1390.jpg,0
14456.jpg,0
9659.jpg,0
5011.jpg,0
15023.jpg,0
5108.jpg,0
3402.jpg,0
11204.jpg,0
5409.jpg,0
11233.jpg,0
17452.jpg,0
21105.jpg,0
120.jpg,0
10039.jpg,0
6417.jpg,0
7188.jpg,0
2934.jpg,0
16995.jpg,0
7422.jpg,0
2170.jpg,0
8657.jpg,0
5120.jpg,0
17137.jpg,0
5453.jpg,0
6714.jpg,0
12643.jpg,0
9928.jpg,0
2357.jpg,0
390.jpg,0
2314.jpg,0
1436.jpg,0
14210.jpg,0
9102.jpg,0
8188.jpg,0
19983.jpg,0
8261.jpg,0
10240.jpg,0
6727.jpg,0
28788.jpg,0
2231.jpg,0
24468.jpg,0
3097.jpg,0
5972.jpg,0
1533.jpg,0
20162.jpg,0
25064.jpg,0
20055.jpg,0
5557.jpg,0
5270.jpg,0
10256.jpg,0
3702.jpg,0
1368.jpg,0
6547.jpg,0
5578.jpg,0
8967.jpg,0
1245.jpg,0
9720.jpg,0
6847.jpg,0
10808.jpg,0
2524.jpg,0
22821.jpg,0
10287.jpg,0
9326.jpg,0
28999.jpg,0
6116.jpg,0
12659.jpg,0
1921.jpg,0
1183.jpg,0
3011.jpg,0
2411.jpg,0
10847.jpg,0
847.jpg,0
1576.jpg,0
17022.jpg,0
15161.jpg,0
6140.jpg,0
10450.jpg,0
20439.jpg,0
5434.jpg,0
4803.jpg,0
21090.jpg,0
7784.jpg,0
23154.jpg,0
23421.jpg,0
10783.jpg,0
14611.jpg,0
11444.jpg,0
7965.jpg,0
796.jpg,0
20230.jpg,0
27129.jpg,0
23068.jpg,0
17567.jpg,0
8201.jpg,0
10882.jpg,0
15205.jpg,0
2419.jpg,0
25101.jpg,0
7943.jpg,0
4091.jpg,0
5045.jpg,0
7606.jpg,0
5701.jpg,0
7665.jpg,0
8842.jpg,0
3858.jpg,0
15624.jpg,0
10975.jpg,0
10554.jpg,0
2344.jpg,0
4137.jpg,0
22885.jpg,0
8114.jpg,0
23140.jpg,0
15503.jpg,0
15468.jpg,0
14197.jpg,0
11279.jpg,0
4307.jpg,0
9322.jpg,0
17560.jpg,0
2030.jpg,0
20393.jpg,0
8370.jpg,0
6976.jpg,0
9357.jpg,0
2585.jpg,0
13153.jpg,0
9560.jpg,0
4578.jpg,0
12697.jpg,0
20472.jpg,0
14971.jpg,0
7628.jpg,0
3518.jpg,0
1326.jpg,0
8185.jpg,0
6653.jpg,0
4696.jpg,0
4804.jpg,0
23235.jpg,0
20244.jpg,0
15247.jpg,0
14232.jpg,0
16954.jpg,0
5535.jpg,0
5826.jpg,0
5381.jpg,0
11189.jpg,0
24561.jpg,0
285.jpg,0
1058.jpg,0
11815.jpg,0
12923.jpg,0
11791.jpg,0
1215.jpg,0
9325.jpg,0
11537.jpg,0
11021.jpg,0
1907.jpg,0
16855.jpg,0
14630.jpg,0
22797.jpg,0
4521.jpg,0
11772.jpg,0
9523.jpg,0
1771.jpg,0
23180.jpg,0
4376.jpg,0
13008.jpg,0
6559.jpg,0
3527.jpg,0
11811.jpg,0
8049.jpg,0
12803.jpg,0
9075.jpg,0
8867.jpg,0
9309.jpg,0
7395.jpg,0
28945.jpg,0
9123.jpg,0
2348.jpg,0
5511.jpg,0
4277.jpg,0
995.jpg,0
17368.jpg,0
20037.jpg,0
1009.jpg,0
28927.jpg,0
27203.jpg,0
1056.jpg,0
10024.jpg,0
17373.jpg,0
20326.jpg,0
10183.jpg,0
2164.jpg,0
11183.jpg,0
3920.jpg,0
4957.jpg,0
9996.jpg,0
22934.jpg,0
26380.jpg,0
4882.jpg,0
2724.jpg,0
11790.jpg,0
2491.jpg,0
5078.jpg,0
23404.jpg,0
3948.jpg,0
7653.jpg,0
6602.jpg,0
1762.jpg,0
12813.jpg,0
15583.jpg,0
1503.jpg,0
14619.jpg,0
15441.jpg,0
10429.jpg,0
4750.jpg,0
9207.jpg,0
17041.jpg,0
295.jpg,0
24533.jpg,0
15299.jpg,0
29596.jpg,0
23278.jpg,0
21172.jpg,0
25184.jpg,0
23247.jpg,0
26382.jpg,0
25188.jpg,0
3844.jpg,0
5304.jpg,0
1736.jpg,0
5748.jpg,0
169.jpg,0
7346.jpg,0
6542.jpg,0
10669.jpg,0
4723.jpg,0
23353.jpg,0
2264.jpg,0
8925.jpg,0
8016.jpg,0
16913.jpg,0
9110.jpg,0
4092.jpg,0
7377.jpg,0
10411.jpg,0
3678.jpg,0
2433.jpg,0
6722.jpg,0
11464.jpg,0
2827.jpg,0
17181.jpg,0
8152.jpg,0
27243.jpg,0
7714.jpg,0
8155.jpg,0
24666.jpg,0
23030.jpg,0
1994.jpg,0
10663.jpg,0
4241.jpg,0
15061.jpg,0
6967.jpg,0
23181.jpg,0
13116.jpg,0
2225.jpg,0
4378.jpg,0
814.jpg,0
2957.jpg,0
3552.jpg,0
6606.jpg,0
1184.jpg,0
10872.jpg,0
2221.jpg,0
11221.jpg,0
15059.jpg,0
14468.jpg,0
478.jpg,0
25039.jpg,0
4911.jpg,0
468.jpg,0
2474.jpg,0
4351.jpg,0
5854.jpg,0
22842.jpg,0
28757.jpg,0
20388.jpg,0
21187.jpg,0
12779.jpg,0
11051.jpg,0
8719.jpg,0
9785.jpg,0
7392.jpg,0
6168.jpg,0
23465.jpg,0
10489.jpg,0
10644.jpg,0
27224.jpg,0
69.jpg,0
12985.jpg,0
7981.jpg,0
2464.jpg,0
12786.jpg,0
925.jpg,0
2416.jpg,0
9856.jpg,0
776.jpg,0
1142.jpg,0
2774.jpg,0
17432.jpg,0
8246.jpg,0
14622.jpg,0
3675.jpg,0
9393.jpg,0
2397.jpg,0
6466.jpg,0
17382.jpg,0
3107.jpg,0
5287.jpg,0
8710.jpg,0
7756.jpg,0
9557.jpg,0
3358.jpg,0
11788.jpg,0
15330.jpg,0
19940.jpg,0
22823.jpg,0
14212.jpg,0
3455.jpg,0
4332.jpg,0
3082.jpg,0
17169.jpg,0
23035.jpg,0
23395.jpg,0
7959.jpg,0
28886.jpg,0
8701.jpg,0
3816.jpg,0
15253.jpg,0
5523.jpg,0
4623.jpg,0
5690.jpg,0
922.jpg,0
2142.jpg,0
10104.jpg,0
8703.jpg,0
333.jpg,0
7518.jpg,0
15245.jpg,0
13150.jpg,0
20327.jpg,0
24421.jpg,0
4239.jpg,0
3643.jpg,0
20428.jpg,0
7937.jpg,0
2400.jpg,0
24562.jpg,0
5191.jpg,0
7217.jpg,0
10163.jpg,0
11606.jpg,0
10422.jpg,0
124.jpg,0
6983.jpg,0
23032.jpg,0
6730.jpg,0
23230.jpg,0
8927.jpg,0
11152.jpg,0
6449.jpg,0
6706.jpg,0
26548.jpg,0
3999.jpg,0
244.jpg,0
1404.jpg,0
9430.jpg,0
9405.jpg,0
6570.jpg,0
2540.jpg,0
15123.jpg,0
11428.jpg,0
5689.jpg,0
3692.jpg,0
14735.jpg,0
5299.jpg,0
3676.jpg,0
3737.jpg,0
886.jpg,0
11619.jpg,0
3923.jpg,0
11531.jpg,0
15158.jpg,0
10620.jpg,0
23343.jpg,0
24484.jpg,0
6683.jpg,0
15608.jpg,0
17216.jpg,0
2887.jpg,0
25261.jpg,0
15017.jpg,0
5360.jpg,0
7866.jpg,0
14320.jpg,0
979.jpg,0
27144.jpg,0
23144.jpg,0
1717.jpg,0
7116.jpg,0
29034.jpg,0
23356.jpg,0
3403.jpg,0
27126.jpg,0
4203.jpg,0
6260.jpg,0
26590.jpg,0
9806.jpg,0
7203.jpg,0
9453.jpg,0
23479.jpg,0
10978.jpg,0
14704.jpg,0
12737.jpg,0
7153.jpg,0
6053.jpg,0
4233.jpg,0
6684.jpg,0
13098.jpg,0
2114.jpg,0
14439.jpg,0
17376.jpg,0
8043.jpg,0
2337.jpg,0
7834.jpg,0
5906.jpg,0
11742.jpg,0
6749.jpg,0
6593.jpg,0
7966.jpg,0
6838.jpg,0
4980.jpg,0
17205.jpg,0
5979.jpg,0
10549.jpg,0
4912.jpg,0
3654.jpg,0
2727.jpg,0
1222.jpg,0
5780.jpg,0
3566.jpg,0
2875.jpg,0
9491.jpg,0
9324.jpg,0
7982.jpg,0
19948.jpg,0
3146.jpg,0
17288.jpg,0
13185.jpg,0
1647.jpg,0
10264.jpg,0
8015.jpg,0
13143.jpg,0
9107.jpg,0
7325.jpg,0
12641.jpg,0
942.jpg,0
9829.jpg,0
7408.jpg,0
8854.jpg,0
2587.jpg,0
20455.jpg,0
9579.jpg,0
14509.jpg,0
21038.jpg,0
6527.jpg,0
1270.jpg,0
15182.jpg,0
25225.jpg,0
4451.jpg,0
4878.jpg,0
7870.jpg,0
3895.jpg,0
14314.jpg,0
13220.jpg,0
2498.jpg,0
6470.jpg,0
15243.jpg,0
14755.jpg,0
4895.jpg,0
7108.jpg,0
9472.jpg,0
14929.jpg,0
6664.jpg,0
8068.jpg,0
2692.jpg,0
10124.jpg,0
24529.jpg,0
14290.jpg,0
6584.jpg,0
8978.jpg,0
6515.jpg,0
895.jpg,0
12671.jpg,0
13084.jpg,0
2037.jpg,0
15421.jpg,0
9898.jpg,0
3144.jpg,0
9963.jpg,0
7570.jpg,0
1632.jpg,0
10142.jpg,0
20051.jpg,0
7994.jpg,0
13068.jpg,0
6565.jpg,0
10387.jpg,0
6106.jpg,0
20447.jpg,0
8793.jpg,0
7362.jpg,0
9956.jpg,0
23239.jpg,0
5576.jpg,0
3380.jpg,0
22979.jpg,0
16988.jpg,0
7831.jpg,0
5801.jpg,0
20131.jpg,0
3506.jpg,0
3379.jpg,0
13037.jpg,0
17588.jpg,0
14411.jpg,0
21115.jpg,0
2193.jpg,0
26976.jpg,0
24948.jpg,0
6981.jpg,0
9337.jpg,0
1108.jpg,0
64.jpg,0
9187.jpg,0
23146.jpg,0
3872.jpg,0
15593.jpg,0
14304.jpg,0
12933.jpg,0
8513.jpg,0
27268.jpg,0
9771.jpg,0
2705.jpg,0
6487.jpg,0
14762.jpg,0
20394.jpg,0
431.jpg,0
20305.jpg,0
2019.jpg,0
14416.jpg,0
7370.jpg,0
1314.jpg,0
5320.jpg,0
12888.jpg,0
13148.jpg,0
9774.jpg,0
8917.jpg,0
4455.jpg,0
28737.jpg,0
25241.jpg,0
21202.jpg,0
9226.jpg,0
23229.jpg,0
14618.jpg,0
4128.jpg,0
12988.jpg,0
8216.jpg,0
4125.jpg,0
1241.jpg,0
10068.jpg,0
14942.jpg,0
7700.jpg,0
20460.jpg,0
22828.jpg,0
3696.jpg,0
9991.jpg,0
128.jpg,0
15601.jpg,0
4812.jpg,0
20398.jpg,0
5102.jpg,0
5630.jpg,0
10724.jpg,0
2022.jpg,0
8945.jpg,0
841.jpg,0
2976.jpg,0
29026.jpg,0
5559.jpg,0
11736.jpg,0
9355.jpg,0
3922.jpg,0
10273.jpg,0
7819.jpg,0
11439.jpg,0
11311.jpg,0
3009.jpg,0
16994.jpg,0
3825.jpg,0
27132.jpg,0
3685.jpg,0
10581.jpg,0
8721.jpg,0
6921.jpg,0
13001.jpg,0
10025.jpg,0
2305.jpg,0
20358.jpg,0
17211.jpg,0
7559.jpg,0
6478.jpg,0
4235.jpg,0
24558.jpg,0
3001.jpg,0
2404.jpg,0
23203.jpg,0
12664.jpg,0
24998.jpg,0
6364.jpg,0
24268.jpg,0
3087.jpg,0
1355.jpg,0
17523.jpg,0
6781.jpg,0
501.jpg,0
7549.jpg,0
11294.jpg,0
1821.jpg,0
17113.jpg,0
5537.jpg,0
12997.jpg,0
23241.jpg,0
10070.jpg,0
8034.jpg,0
4436.jpg,0
28747.jpg,0
9070.jpg,0
11064.jpg,0
29583.jpg,0
1003.jpg,0
9428.jpg,0
4076.jpg,0
4308.jpg,0
11264.jpg,0
15365.jpg,0
4441.jpg,0
1092.jpg,0
16849.jpg,0
3896.jpg,0
25076.jpg,0
14481.jpg,0
7182.jpg,0
4234.jpg,0
5599.jpg,0
24548.jpg,0
3398.jpg,0
2723.jpg,0
1482.jpg,0
15031.jpg,0
11111.jpg,0
2081.jpg,0
5971.jpg,0
19992.jpg,0
22875.jpg,0
16862.jpg,0
3464.jpg,0
6662.jpg,0
23052.jpg,0
10252.jpg,0
8859.jpg,0
4972.jpg,0
16974.jpg,0
11393.jpg,0
14701.jpg,0
12700.jpg,0
8456.jpg,0
28814.jpg,0
23272.jpg,0
2216.jpg,0
14716.jpg,0
1366.jpg,0
6969.jpg,0
2870.jpg,0
2122.jpg,0
15381.jpg,0
3383.jpg,0
3862.jpg,0
17171.jpg,0
20060.jpg,0
11185.jpg,0
3812.jpg,0
3513.jpg,0
7435.jpg,0
23009.jpg,0
2289.jpg,0
28740.jpg,0
9411.jpg,0
2379.jpg,0
1010.jpg,0
8767.jpg,0
14851.jpg,0
15390.jpg,0
24586.jpg,0
2228.jpg,0
5315.jpg,0
17581.jpg,0
11019.jpg,0
3361.jpg,0
7585.jpg,0
24270.jpg,0
9910.jpg,0
1109.jpg,0
10303.jpg,0
11703.jpg,0
14576.jpg,0
8736.jpg,0
3993.jpg,0
103.jpg,0
2186.jpg,0
7557.jpg,0
6404.jpg,0
6824.jpg,0
23534.jpg,0
2442.jpg,0
210.jpg,0
7503.jpg,0
8806.jpg,0
21185.jpg,0
9635.jpg,0
17563.jpg,0
163.jpg,0
6551.jpg,0
147.jpg,0
15014.jpg,0
11359.jpg,0
20180.jpg,0
853.jpg,0
9204.jpg,0
392.jpg,0
10333.jpg,0
24261.jpg,0
22793.jpg,0
3797.jpg,0
11597.jpg,0
985.jpg,0
4003.jpg,0
10033.jpg,0
4743.jpg,0
84.jpg,0
2463.jpg,0
1164.jpg,0
4255.jpg,0
5667.jpg,0
755.jpg,0
25238.jpg,0
1950.jpg,0
1613.jpg,0
1317.jpg,0
5403.jpg,0
5793.jpg,0
9540.jpg,0
8211.jpg,0
815.jpg,0
4775.jpg,0
10759.jpg,0
17217.jpg,0
10514.jpg,0
14820.jpg,0
23019.jpg,0
15037.jpg,0
1943.jpg,0
5296.jpg,0
25065.jpg,0
22977.jpg,0
2983.jpg,0
1673.jpg,0
24599.jpg,0
17112.jpg,0
10917.jpg,0
4326.jpg,0
17163.jpg,0
4887.jpg,0
4786.jpg,0
6789.jpg,0
28776.jpg,0
23551.jpg,0
25037.jpg,0
4457.jpg,0
2347.jpg,0
222.jpg,0
14617.jpg,0
12849.jpg,0
14318.jpg,0
15101.jpg,0
3494.jpg,0
27267.jpg,0
12773.jpg,0
3658.jpg,0
16904.jpg,0
1545.jpg,0
8629.jpg,0
11280.jpg,0
9042.jpg,0
9486.jpg,0
15053.jpg,0
4437.jpg,0
14636.jpg,0
1218.jpg,0
15623.jpg,0
26360.jpg,0
7143.jpg,0
3652.jpg,0
11273.jpg,0
20364.jpg,0
9606.jpg,0
848.jpg,0
25078.jpg,0
9424.jpg,0
10566.jpg,0
6337.jpg,0
1608.jpg,0
23219.jpg,0
5533.jpg,0
10160.jpg,0
2947.jpg,0
9892.jpg,0
25233.jpg,0
14248.jpg,0
5796.jpg,0
5499.jpg,0
10362.jpg,0
6628.jpg,0
1234.jpg,0
4402.jpg,0
9844.jpg,0
5262.jpg,0
7532.jpg,0
15430.jpg,0
11011.jpg,0
14172.jpg,0
8272.jpg,0
6461.jpg,0
20238.jpg,0
4207.jpg,0
11659.jpg,0
1894.jpg,0
4643.jpg,0
2284.jpg,0
4839.jpg,0
7218.jpg,0
5791.jpg,0
4409.jpg,0
10167.jpg,0
3074.jpg,0
11409.jpg,0
8815.jpg,0
1540.jpg,0
28807.jpg,0
1229.jpg,0
8561.jpg,0
6848.jpg,0
5079.jpg,0
3821.jpg,0
21036.jpg,0
10608.jpg,0
17082.jpg,0
206.jpg,0
24445.jpg,0
6910.jpg,0
10114.jpg,0
15286.jpg,0
4672.jpg,0
23396.jpg,0
6973.jpg,0
3544.jpg,0
26499.jpg,0
5027.jpg,0
4999.jpg,0
13122.jpg,0
10741.jpg,0
8636.jpg,0
5484.jpg,0
6092.jpg,0
2788.jpg,0
23282.jpg,0
23237.jpg,0
10617.jpg,0
28840.jpg,0
7446.jpg,0
9542.jpg,0
1643.jpg,0
17566.jpg,0
6200.jpg,0
3956.jpg,0
10257.jpg,0
9912.jpg,0
5723.jpg,0
15340.jpg,0
5935.jpg,0
14222.jpg,0
4778.jpg,0
199.jpg,0
2679.jpg,0
17344.jpg,0
6741.jpg,0
5438.jpg,0
20172.jpg,0
14711.jpg,0
7590.jpg,0
24645.jpg,0
20400.jpg,0
25179.jpg,0
14631.jpg,0
6739.jpg,0
3644.jpg,0
3561.jpg,0
10488.jpg,0
14832.jpg,0
16941.jpg,0
14927.jpg,0
5004.jpg,0
6927.jpg,0
5929.jpg,0
4078.jpg,0
8742.jpg,0
27139.jpg,0
3534.jpg,0
3979.jpg,0
10585.jpg,0
8012.jpg,0
17565.jpg,0
22980.jpg,0
4173.jpg,0
28852.jpg,0
4613.jpg,0
10332.jpg,0
19984.jpg,0
4603.jpg,0
28870.jpg,0
7478.jpg,0
17032.jpg,0
822.jpg,0
5970.jpg,0
3385.jpg,0
5810.jpg,0
22861.jpg,0
14579.jpg,0
10370.jpg,0
11180.jpg,0
9971.jpg,0
5313.jpg,0
16944.jpg,0
8032.jpg,0
12894.jpg,0
14455.jpg,0
6748.jpg,0
1380.jpg,0
21046.jpg,0
10117.jpg,0
14999.jpg,0
15553.jpg,0
17258.jpg,0
7807.jpg,0
2847.jpg,0
28896.jpg,0
958.jpg,0
11257.jpg,0
8950.jpg,0
9321.jpg,0
20465.jpg,0
7690.jpg,0
930.jpg,0
23010.jpg,0
4448.jpg,0
13199.jpg,0
25177.jpg,0
2682.jpg,0
4095.jpg,0
15569.jpg,0
4413.jpg,0
20487.jpg,0
23449.jpg,0
10673.jpg,0
10101.jpg,0
13012.jpg,0
17173.jpg,0
26442.jpg,0
5297.jpg,0
7323.jpg,0
22930.jpg,0
6263.jpg,0
7747.jpg,0
450.jpg,0
7257.jpg,0
15234.jpg,0
6100.jpg,0
9821.jpg,0
19958.jpg,0
7142.jpg,0
7136.jpg,0
9604.jpg,0
22831.jpg,0
20377.jpg,0
13169.jpg,0
6072.jpg,0
11161.jpg,0
496.jpg,0
9907.jpg,0
11798.jpg,0
17317.jpg,0
12866.jpg,0
11801.jpg,0
8726.jpg,0
7949.jpg,0
23269.jpg,0
14153.jpg,0
15202.jpg,0
17089.jpg,0
5062.jpg,0
9795.jpg,0
5757.jpg,0
3071.jpg,0
3677.jpg,0
87.jpg,0
4428.jpg,0
373.jpg,0
2106.jpg,0
1577.jpg,0
6677.jpg,0
4848.jpg,0
1939.jpg,0
10157.jpg,0
10615.jpg,0
13024.jpg,0
23150.jpg,0
9242.jpg,0
2307.jpg,0
29601.jpg,0
4392.jpg,0
14829.jpg,0
14804.jpg,0
17281.jpg,0
2638.jpg,0
1191.jpg,0
11463.jpg,0
8619.jpg,0
26998.jpg,0
7891.jpg,0
4855.jpg,0
9060.jpg,0
4313.jpg,0
4262.jpg,0
8286.jpg,0
29606.jpg,0
7484.jpg,0
15407.jpg,0
2148.jpg,0
20014.jpg,0
3366.jpg,0
11330.jpg,0
5746.jpg,0
17569.jpg,0
4732.jpg,0
9521.jpg,0
7643.jpg,0
29027.jpg,0
3765.jpg,0
1852.jpg,0
10683.jpg,0
262.jpg,0
3016.jpg,0
7223.jpg,0
7650.jpg,0
4677.jpg,0
23359.jpg,0
7991.jpg,0
17617.jpg,0
28913.jpg,0
8684.jpg,0
4468.jpg,0
9732.jpg,0
29006.jpg,0
5356.jpg,0
14826.jpg,0
2732.jpg,0
1321.jpg,0
6966.jpg,0
14641.jpg,0
6381.jpg,0
8429.jpg,0
2021.jpg,0
14880.jpg,0
12760.jpg,0
7693.jpg,0
2006.jpg,0
20456.jpg,0
1712.jpg,0
9674.jpg,0
7468.jpg,0
4431.jpg,0
15370.jpg,0
4699.jpg,0
10486.jpg,0
5984.jpg,0
5385.jpg,0
7528.jpg,0
17571.jpg,0
4061.jpg,0
16961.jpg,0
1570.jpg,0
4039.jpg,0
21040.jpg,0
1665.jpg,0
26991.jpg,0
6949.jpg,0
4698.jpg,0
8800.jpg,0
9455.jpg,0
17327.jpg,0
6797.jpg,0
22836.jpg,0
8464.jpg,0
21201.jpg,0
14593.jpg,0
20450.jpg,0
7826.jpg,0
4447.jpg,0
14614.jpg,0
7132.jpg,0
11699.jpg,0
23336.jpg,0
4771.jpg,0
14166.jpg,0
4174.jpg,0
10982.jpg,0
4197.jpg,0
23233.jpg,0
14302.jpg,0
9339.jpg,0
10335.jpg,0
22951.jpg,0
1507.jpg,0
10328.jpg,0
3860.jpg,0
27029.jpg,0
8618.jpg,0
6916.jpg,0
11260.jpg,0
6024.jpg,0
15127.jpg,0
3647.jpg,0
10301.jpg,0
7096.jpg,0
218.jpg,0
5143.jpg,0
13223.jpg,0
1165.jpg,0
28773.jpg,0
10127.jpg,0
807.jpg,0
21024.jpg,0
5611.jpg,0
5114.jpg,0
20368.jpg,0
23222.jpg,0
17058.jpg,0
9536.jpg,0
10935.jpg,0
14231.jpg,0
8175.jpg,0
6681.jpg,0
26369.jpg,0
3517.jpg,0
4835.jpg,0
17144.jpg,0
20492.jpg,0
15332.jpg,0
8895.jpg,0
8369.jpg,0
487.jpg,0
6676.jpg,0
29051.jpg,0
11785.jpg,0
3848.jpg,0
5704.jpg,0
4015.jpg,0
11289.jpg,0
11066.jpg,0
7904.jpg,0
11517.jpg,0
2127.jpg,0
10871.jpg,0
1060.jpg,0
6539.jpg,0
13213.jpg,0
24425.jpg,0
25252.jpg,0
23532.jpg,0
24648.jpg,0
13191.jpg,0
970.jpg,0
17512.jpg,0
27040.jpg,0
2387.jpg,0
6109.jpg,0
8107.jpg,0
14610.jpg,0
6862.jpg,0
1733.jpg,0
9080.jpg,0
2354.jpg,0
5755.jpg,0
7111.jpg,0
6717.jpg,0
16960.jpg,0
9793.jpg,0
22892.jpg,0
28749.jpg,0
11032.jpg,0
15459.jpg,0
2931.jpg,0
1050.jpg,0
12775.jpg,0
16911.jpg,0
9451.jpg,0
9633.jpg,0
11761.jpg,0
10734.jpg,0
4057.jpg,0
3986.jpg,0
6245.jpg,0
918.jpg,0
27152.jpg,0
16868.jpg,0
15125.jpg,0
24298.jpg,0
9015.jpg,0
992.jpg,0
6698.jpg,0
26562.jpg,0
8208.jpg,0
1131.jpg,0
15363.jpg,0
7270.jpg,0
2543.jpg,0
28751.jpg,0
3462.jpg,0
14934.jpg,0
7717.jpg,0
4660.jpg,0
2521.jpg,0
1030.jpg,0
23012.jpg,0
15437.jpg,0
14925.jpg,0
25140.jpg,0
25190.jpg,0
1695.jpg,0
9801.jpg,0
10185.jpg,0
1071.jpg,0
5237.jpg,0
1416.jpg,0
23152.jpg,0
7061.jpg,0
26510.jpg,0
1361.jpg,0
943.jpg,0
8558.jpg,0
22867.jpg,0
5442.jpg,0
9373.jpg,0
20390.jpg,0
8828.jpg,0
5005.jpg,0
2833.jpg,0
1324.jpg,0
9913.jpg,0
12915.jpg,0
12764.jpg,0
19932.jpg,0
5163.jpg,0
26391.jpg,0
23422.jpg,0
7294.jpg,0
6208.jpg,0
8452.jpg,0
7500.jpg,0
11480.jpg,0
4956.jpg,0
9559.jpg,0
10775.jpg,0
11691.jpg,0
4297.jpg,0
24466.jpg,0
6309.jpg,0
3160.jpg,0
14845.jpg,0
9217.jpg,0
23137.jpg,0
26943.jpg,0
5514.jpg,0
14954.jpg,0
10153.jpg,0
14238.jpg,0
10083.jpg,0
8405.jpg,0
14822.jpg,0
1226.jpg,0
8693.jpg,0
1369.jpg,0
15572.jpg,0
25174.jpg,0
8944.jpg,0
21146.jpg,0
9382.jpg,0
14921.jpg,0
3822.jpg,0
6725.jpg,0
8433.jpg,0
4797.jpg,0
9983.jpg,0
9666.jpg,0
26371.jpg,0
11728.jpg,0
10770.jpg,0
2806.jpg,0
1926.jpg,0
13.jpg,0
23021.jpg,0
23097.jpg,0
11062.jpg,0
25183.jpg,0
25205.jpg,0
219.jpg,0
2873.jpg,0
3835.jpg,0
5890.jpg,0
7945.jpg,0
8459.jpg,0
3213.jpg,0
11470.jpg,0
16869.jpg,0
11430.jpg,0
15287.jpg,0
3247.jpg,0
13049.jpg,0
8010.jpg,0
23193.jpg,0
10575.jpg,0
23429.jpg,0
2818.jpg,0
6154.jpg,0
4296.jpg,0
17384.jpg,0
23390.jpg,0
16946.jpg,0
24979.jpg,0
9640.jpg,0
10302.jpg,0
17525.jpg,0
7931.jpg,0
5009.jpg,0
24530.jpg,0
7660.jpg,0
14712.jpg,0
7521.jpg,0
25124.jpg,0
9919.jpg,0
8498.jpg,0
5549.jpg,0
16864.jpg,0
3428.jpg,0
15020.jpg,0
9650.jpg,0
9202.jpg,0
15612.jpg,0
7089.jpg,0
5706.jpg,0
4919.jpg,0
14287.jpg,0
57.jpg,0
28880.jpg,0
23067.jpg,0
6084.jpg,0
7759.jpg,0
4642.jpg,0
15089.jpg,0
1072.jpg,0
6658.jpg,0
23060.jpg,0
23178.jpg,0
220.jpg,0
20045.jpg,0
12781.jpg,0
9572.jpg,0
8762.jpg,0
6501.jpg,0
5828.jpg,0
28784.jpg,0
10367.jpg,0
825.jpg,0
5580.jpg,0
14870.jpg,0
20372.jpg,0
10098.jpg,0
4225.jpg,0
11371.jpg,0
1986.jpg,0
17378.jpg,0
2496.jpg,0
338.jpg,0
11542.jpg,0
7464.jpg,0
22.jpg,0
14739.jpg,0
1804.jpg,0
8076.jpg,0
2691.jpg,0
15284.jpg,0
9436.jpg,0
7302.jpg,0
14400.jpg,0
10402.jpg,0
5358.jpg,0
23533.jpg,0
23271.jpg,0
6187.jpg,0
5699.jpg,0
11245.jpg,0
11817.jpg,0
20163.jpg,0
20513.jpg,0
5018.jpg,0
10403.jpg,0
4301.jpg,0
10317.jpg,0
28769.jpg,0
27184.jpg,0
27076.jpg,0
9551.jpg,0
10661.jpg,0
2327.jpg,0
2112.jpg,0
15505.jpg,0
1560.jpg,0
17485.jpg,0
3342.jpg,0
2430.jpg,0
4598.jpg,0
20053.jpg,0
20019.jpg,0
10797.jpg,0
2304.jpg,0
4992.jpg,0
12706.jpg,0
7369.jpg,0
16968.jpg,0
20514.jpg,0
7198.jpg,0
12752.jpg,0
7520.jpg,0
7115.jpg,0
7902.jpg,0
3065.jpg,0
5117.jpg,0
15357.jpg,0
11582.jpg,0
6429.jpg,0
21037.jpg,0
8996.jpg,0
4631.jpg,0
4310.jpg,0
10614.jpg,0
9036.jpg,0
145.jpg,0
6366.jpg,0
14539.jpg,0
8419.jpg,0
2467.jpg,0
7221.jpg,0
1130.jpg,0
24396.jpg,0
5925.jpg,0
7416.jpg,0
23263.jpg,0
6868.jpg,0
9543.jpg,0
5914.jpg,0
10499.jpg,0
27251.jpg,0
3911.jpg,0
20525.jpg,0
26483.jpg,0
7306.jpg,0
9450.jpg,0
14727.jpg,0
26461.jpg,0
4955.jpg,0
10782.jpg,0
10012.jpg,0
19950.jpg,0
11759.jpg,0
1887.jpg,0
6871.jpg,0
23155.jpg,0
10557.jpg,0
11188.jpg,0
8531.jpg,0
3145.jpg,0
13021.jpg,0
7285.jpg,0
3627.jpg,0
15188.jpg,0
14994.jpg,0
10952.jpg,0
6174.jpg,0
11614.jpg,0
15119.jpg,0
26468.jpg,0
3239.jpg,0
23518.jpg,0
11498.jpg,0
3609.jpg,0
342.jpg,0
9140.jpg,0
10717.jpg,0
8758.jpg,0
5025.jpg,0
1725.jpg,0
6659.jpg,0
20464.jpg,0
9283.jpg,0
25239.jpg,0
24410.jpg,0
6051.jpg,0
6074.jpg,0
28774.jpg,0
346.jpg,0
1625.jpg,0
17187.jpg,0
16858.jpg,0
4498.jpg,0
287.jpg,0
9281.jpg,0
4851.jpg,0
14903.jpg,0
24325.jpg,0
11406.jpg,0
15412.jpg,0
4373.jpg,0
2189.jpg,0
9181.jpg,0
17268.jpg,0
28850.jpg,0
4859.jpg,0
20090.jpg,0
17117.jpg,0
19952.jpg,0
2970.jpg,0
17586.jpg,0
1652.jpg,0
9073.jpg,0
6595.jpg,0
4055.jpg,0
1023.jpg,0
22813.jpg,0
25268.jpg,0
1769.jpg,0
6906.jpg,0
6112.jpg,0
8878.jpg,0
6058.jpg,0
10442.jpg,0
1486.jpg,0
8424.jpg,0
8174.jpg,0
4617.jpg,0
5878.jpg,0
9643.jpg,0
7491.jpg,0
5515.jpg,0
24494.jpg,0
1169.jpg,0
8554.jpg,0
6938.jpg,0
11422.jpg,0
9471.jpg,0
17061.jpg,0
27007.jpg,0
10216.jpg,0
23549.jpg,0
8453.jpg,0
17477.jpg,0
1352.jpg,0
8894.jpg,0
1434.jpg,0
10658.jpg,0
10168.jpg,0
8192.jpg,0
23049.jpg,0
24355.jpg,0
10861.jpg,0
15448.jpg,0
2576.jpg,0
5186.jpg,0
1233.jpg,0
8384.jpg,0
27204.jpg,0
9225.jpg,0
20123.jpg,0
2795.jpg,0
6371.jpg,0
14675.jpg,0
8482.jpg,0
1313.jpg,0
13060.jpg,0
10231.jpg,0
14922.jpg,0
17100.jpg,0
12758.jpg,0
7906.jpg,0
8388.jpg,0
11244.jpg,0
2899.jpg,0
4410.jpg,0
17326.jpg,0
7365.jpg,0
1590.jpg,0
8105.jpg,0
2455.jpg,0
1706.jpg,0
14955.jpg,0
1394.jpg,0
14831.jpg,0
1910.jpg,0
9998.jpg,0
13018.jpg,0
17575.jpg,0
22987.jpg,0
9932.jpg,0
9721.jpg,0
4969.jpg,0
7137.jpg,0
2015.jpg,0
9743.jpg,0
5538.jpg,0
21086.jpg,0
1176.jpg,0
15308.jpg,0
10218.jpg,0
1711.jpg,0
12792.jpg,0
8492.jpg,0
8870.jpg,0
8028.jpg,0
24458.jpg,0
24603.jpg,0
7354.jpg,0
9485.jpg,0
10251.jpg,0
9618.jpg,0
6944.jpg,0
15470.jpg,0
955.jpg,0
1667.jpg,0
6688.jpg,0
20498.jpg,0
6926.jpg,0
306.jpg,0
22910.jpg,0
3615.jpg,0
751.jpg,0
26432.jpg,0
10044.jpg,0
5390.jpg,0
11441.jpg,0
15633.jpg,0
28845.jpg,0
196.jpg,0
5165.jpg,0
10288.jpg,0
13091.jpg,0
25003.jpg,0
8746.jpg,0
9333.jpg,0
296.jpg,0
5374.jpg,0
10312.jpg,0
20248.jpg,0
20469.jpg,0
2770.jpg,0
3416.jpg,0
4168.jpg,0
23120.jpg,0
8766.jpg,0
14271.jpg,0
3551.jpg,0
5254.jpg,0
14588.jpg,0
11223.jpg,0
23526.jpg,0
17294.jpg,0
4616.jpg,0
7919.jpg,0
5394.jpg,0
7240.jpg,0
3091.jpg,0
795.jpg,0
4719.jpg,0
2275.jpg,0
23267.jpg,0
1253.jpg,0
20389.jpg,0
13030.jpg,0
5256.jpg,0
240.jpg,0
9548.jpg,0
3446.jpg,0
2653.jpg,0
3116.jpg,0
2188.jpg,0
6271.jpg,0
8543.jpg,0
1370.jpg,0
3711.jpg,0
20260.jpg,0
6521.jpg,0
4081.jpg,0
9380.jpg,0
26531.jpg,0
10130.jpg,0
6096.jpg,0
4271.jpg,0
6247.jpg,0
7885.jpg,0
4678.jpg,0
7852.jpg,0
23063.jpg,0
12978.jpg,0
23194.jpg,0
3070.jpg,0
891.jpg,0
15171.jpg,0
5243.jpg,0
6028.jpg,0
4619.jpg,0
926.jpg,0
29005.jpg,0
24953.jpg,0
14381.jpg,0
24247.jpg,0
14878.jpg,0
3827.jpg,0
14718.jpg,0
6845.jpg,0
8723.jpg,0
10275.jpg,0
5566.jpg,0
25001.jpg,0
24331.jpg,0
5752.jpg,0
29584.jpg,0
15490.jpg,0
8326.jpg,0
5656.jpg,0
21007.jpg,0
23370.jpg,0
377.jpg,0
3554.jpg,0
10178.jpg,0
25160.jpg,0
8301.jpg,0
17398.jpg,0
8988.jpg,0
12755.jpg,0
1067.jpg,0
15542.jpg,0
15574.jpg,0
20325.jpg,0
6253.jpg,0
7808.jpg,0
6964.jpg,0
17134.jpg,0
3876.jpg,0
11436.jpg,0
10736.jpg,0
13106.jpg,0
1637.jpg,0
11023.jpg,0
4391.jpg,0
10610.jpg,0
116.jpg,0
6573.jpg,0
6548.jpg,0
7216.jpg,0
11303.jpg,0
17377.jpg,0
4657.jpg,0
20105.jpg,0
2441.jpg,0
14450.jpg,0
3504.jpg,0
12772.jpg,0
9294.jpg,0
23151.jpg,0
28934.jpg,0
5781.jpg,0
1849.jpg,0
6924.jpg,0
475.jpg,0
3878.jpg,0
25139.jpg,0
26939.jpg,0
3476.jpg,0
1797.jpg,0
21148.jpg,0
8481.jpg,0
207.jpg,0
3431.jpg,0
6721.jpg,0
2412.jpg,0
325.jpg,0
23472.jpg,0
11506.jpg,0
5640.jpg,0
2695.jpg,0
4477.jpg,0
8555.jpg,0
1232.jpg,0
15006.jpg,0
6378.jpg,0
28922.jpg,0
20128.jpg,0
4981.jpg,0
22953.jpg,0
4054.jpg,0
3472.jpg,0
2530.jpg,0
13201.jpg,0
5988.jpg,0
1537.jpg,0
7476.jpg,0
8915.jpg,0
7694.jpg,0
6484.jpg,0
20121.jpg,0
20256.jpg,0
1417.jpg,0
26433.jpg,0
5210.jpg,0
6535.jpg,0
2912.jpg,0
9164.jpg,0
11377.jpg,0
3936.jpg,0
2654.jpg,0
24346.jpg,0
11663.jpg,0
14335.jpg,0
10987.jpg,0
12999.jpg,0
5026.jpg,0
22952.jpg,0
6531.jpg,0
2749.jpg,0
3386.jpg,0
3060.jpg,0
14449.jpg,0
22960.jpg,0
10375.jpg,0
8302.jpg,0
6303.jpg,0
19986.jpg,0
21122.jpg,0
5344.jpg,0
4987.jpg,0
5061.jpg,0
1007.jpg,0
14530.jpg,0
6897.jpg,0
10606.jpg,0
20253.jpg,0
9297.jpg,0
15296.jpg,0
9134.jpg,0
4346.jpg,0
7310.jpg,0
17276.jpg,0
17501.jpg,0
6765.jpg,0
1962.jpg,0
8648.jpg,0
11107.jpg,0
2383.jpg,0
15556.jpg,0
4182.jpg,0
15311.jpg,0
25027.jpg,0
7861.jpg,0
4425.jpg,0
7572.jpg,0
2665.jpg,0
5351.jpg,0
6486.jpg,0
14703.jpg,0
23261.jpg,0
19971.jpg,0
24450.jpg,0
6583.jpg,0
25073.jpg,0
6146.jpg,0
23427.jpg,0
14170.jpg,0
13020.jpg,0
6923.jpg,0
99.jpg,0
12970.jpg,0
12908.jpg,0
1175.jpg,0
28836.jpg,0
14510.jpg,0
11412.jpg,0
29033.jpg,0
23352.jpg,0
2820.jpg,0
6137.jpg,0
4843.jpg,0
11642.jpg,0
13011.jpg,0
10497.jpg,0
7396.jpg,0
1239.jpg,0
17209.jpg,0
8289.jpg,0
8596.jpg,0
8058.jpg,0
8398.jpg,0
1752.jpg,0
3339.jpg,0
1819.jpg,0
23242.jpg,0
11767.jpg,0
9933.jpg,0
17122.jpg,0
20013.jpg,0
8230.jpg,0
5916.jpg,0
3090.jpg,0
10957.jpg,0
7824.jpg,0
11138.jpg,0
7753.jpg,0
8457.jpg,0
6066.jpg,0
1924.jpg,0
27055.jpg,0
11425.jpg,0
19951.jpg,0
24295.jpg,0
28866.jpg,0
7118.jpg,0
14656.jpg,0
9773.jpg,0
10472.jpg,0
22970.jpg,0
20378.jpg,0
476.jpg,0
3522.jpg,0
8976.jpg,0
3041.jpg,0
11347.jpg,0
10420.jpg,0
10019.jpg,0
3321.jpg,0
8527.jpg,0
398.jpg,0
15126.jpg,0
2624.jpg,0
1697.jpg,0
16918.jpg,0
12950.jpg,0
2943.jpg,0
20317.jpg,0
7950.jpg,0
28766.jpg,0
5942.jpg,0
968.jpg,0
2907.jpg,0
3962.jpg,0
1974.jpg,0
2921.jpg,0
744.jpg,0
23090.jpg,0
7610.jpg,0
14501.jpg,0
11315.jpg,0
9314.jpg,0
9687.jpg,0
24417.jpg,0
24572.jpg,0
2500.jpg,0
7680.jpg,0
3951.jpg,0
1265.jpg,0
22886.jpg,0
1297.jpg,0
8932.jpg,0
4018.jpg,0
13174.jpg,0
9146.jpg,0
26954.jpg,0
11673.jpg,0
947.jpg,0
6437.jpg,0
23325.jpg,0
332.jpg,0
11302.jpg,0
8090.jpg,0
26477.jpg,0
6313.jpg,0
4493.jpg,0
140.jpg,0
1112.jpg,0
20335.jpg,0
11399.jpg,0
17244.jpg,0
17285.jpg,0
7050.jpg,0
22810.jpg,0
14792.jpg,0
15007.jpg,0
26383.jpg,0
1474.jpg,0
14756.jpg,0
8262.jpg,0
10355.jpg,0
11561.jpg,0
21165.jpg,0
6647.jpg,0
17060.jpg,0
9105.jpg,0
1579.jpg,0
5872.jpg,0
28759.jpg,0
6439.jpg,0
14216.jpg,0
9916.jpg,0
10984.jpg,0
12725.jpg,0
27282.jpg,0
3889.jpg,0
8548.jpg,0
2911.jpg,0
7265.jpg,0
26988.jpg,0
500.jpg,0
9115.jpg,0
7566.jpg,0
8570.jpg,0
6734.jpg,0
5899.jpg,0
5558.jpg,0
29582.jpg,0
2277.jpg,0
9972.jpg,0
990.jpg,0
1959.jpg,0
11053.jpg,0
22808.jpg,0
5900.jpg,0
393.jpg,0
16985.jpg,0
25081.jpg,0
824.jpg,0
24401.jpg,0
26491.jpg,0
215.jpg,0
23094.jpg,0
22819.jpg,0
4305.jpg,0
9155.jpg,0
4184.jpg,0
5057.jpg,0
10835.jpg,0
3757.jpg,0
3027.jpg,0
3991.jpg,0
1133.jpg,0
17266.jpg,0
13210.jpg,0
10077.jpg,0
6012.jpg,0
9132.jpg,0
14659.jpg,0
27039.jpg,0
11046.jpg,0
9982.jpg,0
1684.jpg,0
3182.jpg,0
26363.jpg,0
9044.jpg,0
371.jpg,0
3579.jpg,0
2852.jpg,0
1043.jpg,0
4821.jpg,0
14553.jpg,0
7458.jpg,0
24.jpg,0
12987.jpg,0
14557.jpg,0
15257.jpg,0
3855.jpg,0
6415.jpg,0
10080.jpg,0
7051.jpg,0
9582.jpg,0
1566.jpg,0
28921.jpg,0
7699.jpg,0
12777.jpg,0
17220.jpg,0
5525.jpg,0
8614.jpg,0
826.jpg,0
3266.jpg,0
4191.jpg,0
952.jpg,0
28917.jpg,0
12872.jpg,0
22805.jpg,0
14405.jpg,0
909.jpg,0
10254.jpg,0
28929.jpg,0
11644.jpg,0
23462.jpg,0
1247.jpg,0
10816.jpg,0
15019.jpg,0
26549.jpg,0
426.jpg,0
8608.jpg,0
5639.jpg,0
8005.jpg,0
1791.jpg,0
7828.jpg,0
28958.jpg,0
8901.jpg,0
3488.jpg,0
6454.jpg,0
23089.jpg,0
14131.jpg,0
4960.jpg,0
23367.jpg,0
9174.jpg,0
29599.jpg,0
6671.jpg,0
10830.jpg,0
9525.jpg,0
7183.jpg,0
21099.jpg,0
15030.jpg,0
10201.jpg,0
9037.jpg,0
7574.jpg,0
7374.jpg,0
14620.jpg,0
10602.jpg,0
11137.jpg,0
3631.jpg,0
839.jpg,0
20344.jpg,0
11024.jpg,0
14418.jpg,0
17292.jpg,0
3966.jpg,0
5550.jpg,0
6201.jpg,0
17083.jpg,0
5879.jpg,0
150.jpg,0
7853.jpg,0
9469.jpg,0
7778.jpg,0
8926.jpg,0
1104.jpg,0
14183.jpg,0
14554.jpg,0
23197.jpg,0
3593.jpg,0
4148.jpg,0
12765.jpg,0
2504.jpg,0
6817.jpg,0
3176.jpg,0
8247.jpg,0
5253.jpg,0
3939.jpg,0
14692.jpg,0
26573.jpg,0
3411.jpg,0
15383.jpg,0
19993.jpg,0
8450.jpg,0
8578.jpg,0
20332.jpg,0
29047.jpg,0
15510.jpg,0
6166.jpg,0
21180.jpg,0
6579.jpg,0
7781.jpg,0
359.jpg,0
1903.jpg,0
17125.jpg,0
10340.jpg,0
7472.jpg,0
11771.jpg,0
11705.jpg,0
21169.jpg,0
6422.jpg,0
7844.jpg,0
1463.jpg,0
485.jpg,0
11427.jpg,0
13093.jpg,0
8091.jpg,0
3931.jpg,0
11020.jpg,0
24651.jpg,0
4654.jpg,0
2469.jpg,0
10241.jpg,0
23552.jpg,0
9800.jpg,0
14608.jpg,0
1302.jpg,0
1759.jpg,0
12817.jpg,0
14882.jpg,0
24612.jpg,0
24646.jpg,0
11153.jpg,0
9147.jpg,0
4630.jpg,0
17433.jpg,0
2704.jpg,0
10177.jpg,0
7684.jpg,0
9885.jpg,0
11384.jpg,0
10105.jpg,0
3058.jpg,0
2829.jpg,0
8089.jpg,0
3486.jpg,0
2742.jpg,0
17419.jpg,0
4894.jpg,0
21079.jpg,0
14609.jpg,0
1585.jpg,0
2484.jpg,0
447.jpg,0
8507.jpg,0
3782.jpg,0
11225.jpg,0
6321.jpg,0
3857.jpg,0
2985.jpg,0
16892.jpg,0
7231.jpg,0
5815.jpg,0
24395.jpg,0
1275.jpg,0
11287.jpg,0
14892.jpg,0
5507.jpg,0
5891.jpg,0
8763.jpg,0
6700.jpg,0
10494.jpg,0
911.jpg,0
8911.jpg,0
1107.jpg,0
2382.jpg,0
7471.jpg,0
24254.jpg,0
7895.jpg,0
15444.jpg,0
11780.jpg,0
12830.jpg,0
10188.jpg,0
7424.jpg,0
2036.jpg,0
2567.jpg,0
12794.jpg,0
10999.jpg,0
5405.jpg,0
7732.jpg,0
6450.jpg,0
9831.jpg,0
20218.jpg,0
9145.jpg,0
7178.jpg,0
8274.jpg,0
14390.jpg,0
11454.jpg,0
4665.jpg,0
9717.jpg,0
9182.jpg,0
2687.jpg,0
26557.jpg,0
10280.jpg,0
23075.jpg,0
14313.jpg,0
6839.jpg,0
8897.jpg,0
17578.jpg,0
6711.jpg,0
14750.jpg,0
5763.jpg,0
12727.jpg,0
14343.jpg,0
17591.jpg,0
21023.jpg,0
3185.jpg,0
27106.jpg,0
1020.jpg,0
4489.jpg,0
8427.jpg,0
1549.jpg,0
15105.jpg,0
20381.jpg,0
7605.jpg,0
20.jpg,0
1630.jpg,0
23415.jpg,0
5843.jpg,0
4602.jpg,0
3.jpg,0
3960.jpg,0
9400.jpg,0
7148.jpg,0
3461.jpg,0
15324.jpg,0
757.jpg,0
2747.jpg,0
23473.jpg,0
10817.jpg,0
11209.jpg,0
10141.jpg,0
1844.jpg,0
10692.jpg,0
6224.jpg,0
8509.jpg,0
10021.jpg,0
20427.jpg,0
24344.jpg,0
12871.jpg,0
15052.jpg,0
8696.jpg,0
2263.jpg,0
5579.jpg,0
375.jpg,0
3341.jpg,0
9935.jpg,0
5664.jpg,0
17547.jpg,0
12742.jpg,0
3353.jpg,0
20403.jpg,0
24636.jpg,0
28873.jpg,0
8708.jpg,0
17202.jpg,0
3143.jpg,0
27290.jpg,0
9296.jpg,0
5520.jpg,0
25071.jpg,0
2865.jpg,0
5529.jpg,0
9992.jpg,0
4261.jpg,0
14467.jpg,0
4366.jpg,0
8564.jpg,0
29000.jpg,0
1828.jpg,0
8143.jpg,0
4707.jpg,0
2448.jpg,0
16870.jpg,0
9183.jpg,0
6506.jpg,0
3032.jpg,0
6543.jpg,0
8941.jpg,0
17226.jpg,0
3560.jpg,0
7459.jpg,0
17190.jpg,0
25125.jpg,0
8969.jpg,0
3184.jpg,0
7910.jpg,0
3503.jpg,0
2388.jpg,0
21041.jpg,0
26487.jpg,0
14560.jpg,0
12856.jpg,0
28798.jpg,0
20213.jpg,0
24986.jpg,0
21056.jpg,0
308.jpg,0
3451.jpg,0
5626.jpg,0
8501.jpg,0
4691.jpg,0
1760.jpg,0
3230.jpg,0
2200.jpg,0
14544.jpg,0
11256.jpg,0
6649.jpg,0
25235.jpg,0
12887.jpg,0
12820.jpg,0
14683.jpg,0
8549.jpg,0
9470.jpg,0
14945.jpg,0
23001.jpg,0
12896.jpg,0
25191.jpg,0
5990.jpg,0
7622.jpg,0
23108.jpg,0
5068.jpg,0
7595.jpg,0
23530.jpg,0
1077.jpg,0
17201.jpg,0
9672.jpg,0
11124.jpg,0
2760.jpg,0
4089.jpg,0
17405.jpg,0
3125.jpg,0
12685.jpg,0
6977.jpg,0
2590.jpg,0
2499.jpg,0
6308.jpg,0
26398.jpg,0
1351.jpg,0
2603.jpg,0
5396.jpg,0
6430.jpg,0
14998.jpg,0
2230.jpg,0
12957.jpg,0
11219.jpg,0
14255.jpg,0
21011.jpg,0
2981.jpg,0
26484.jpg,0
9116.jpg,0
9273.jpg,0
1462.jpg,0
4006.jpg,0
3735.jpg,0
23040.jpg,0
3608.jpg,0
12979.jpg,0
15480.jpg,0
1008.jpg,0
14296.jpg,0
3791.jpg,0
2807.jpg,0
2889.jpg,0
10796.jpg,0
10988.jpg,0
8560.jpg,0
499.jpg,0
8027.jpg,0
12788.jpg,0
2260.jpg,0
15199.jpg,0
8001.jpg,0
16902.jpg,0
5905.jpg,0
3781.jpg,0
8048.jpg,0
9799.jpg,0
4932.jpg,0
2674.jpg,0
8147.jpg,0
1839.jpg,0
23260.jpg,0
24594.jpg,0
5969.jpg,0
15372.jpg,0
15461.jpg,0
8823.jpg,0
9531.jpg,0
133.jpg,0
1720.jpg,0
8421.jpg,0
4744.jpg,0
7616.jpg,0
9611.jpg,0
23059.jpg,0
4506.jpg,0
23446.jpg,0
15469.jpg,0
2710.jpg,0
1795.jpg,0
4820.jpg,0
9655.jpg,0
9534.jpg,0
2910.jpg,0
149.jpg,0
23438.jpg,0
5468.jpg,0
10246.jpg,0
11122.jpg,0
898.jpg,0
11039.jpg,0
6828.jpg,0
23354.jpg,0
6635.jpg,0
23201.jpg,0
504.jpg,0
2309.jpg,0
10921.jpg,0
8942.jpg,0
25068.jpg,0
10584.jpg,0
8577.jpg,0
8220.jpg,0
27149.jpg,0
7324.jpg,0
2745.jpg,0
27135.jpg,0
8381.jpg,0
2924.jpg,0
10034.jpg,0
3961.jpg,0
6414.jpg,0
8235.jpg,0
10498.jpg,0
14865.jpg,0
26492.jpg,0
11374.jpg,0
1639.jpg,0
10974.jpg,0
26395.jpg,0
27072.jpg,0
7720.jpg,0
6217.jpg,0
3312.jpg,0
2089.jpg,0
28985.jpg,0
9081.jpg,0
7235.jpg,0
14561.jpg,0
25031.jpg,0
24554.jpg,0
17515.jpg,0
15475.jpg,0
14789.jpg,0
4287.jpg,0
10515.jpg,0
20421.jpg,0
6218.jpg,0
10706.jpg,0
3099.jpg,0
7120.jpg,0
2438.jpg,0
2750.jpg,0
4256.jpg,0
8072.jpg,0
15589.jpg,0
16876.jpg,0
10496.jpg,0
11779.jpg,0
16958.jpg,0
4832.jpg,0
23026.jpg,0
17332.jpg,0
4190.jpg,0
11288.jpg,0
11341.jpg,0
4892.jpg,0
4107.jpg,0
26552.jpg,0
8241.jpg,0
20516.jpg,0
10889.jpg,0
10794.jpg,0
12843.jpg,0
2443.jpg,0
8080.jpg,0
6246.jpg,0
10406.jpg,0
9144.jpg,0
2128.jpg,0
4053.jpg,0
3468.jpg,0
10904.jpg,0
1789.jpg,0
3648.jpg,0
20375.jpg,0
5131.jpg,0
26476.jpg,0
1435.jpg,0
10618.jpg,0
10986.jpg,0
17293.jpg,0
6614.jpg,0
10833.jpg,0
2223.jpg,0
2613.jpg,0
8579.jpg,0
10946.jpg,0
1281.jpg,0
195.jpg,0
1968.jpg,0
961.jpg,0
22906.jpg,0
28789.jpg,0
9676.jpg,0
8462.jpg,0
7728.jpg,0
2250.jpg,0
25017.jpg,0
23522.jpg,0
12898.jpg,0
17475.jpg,0
11104.jpg,0
11457.jpg,0
12838.jpg,0
1272.jpg,0
16865.jpg,0
27295.jpg,0
3036.jpg,0
8520.jpg,0
15322.jpg,0
6442.jpg,0
5837.jpg,0
20314.jpg,0
1773.jpg,0
20192.jpg,0
1386.jpg,0
4421.jpg,0
10829.jpg,0
5275.jpg,0
2217.jpg,0
14723.jpg,0
10555.jpg,0
742.jpg,0
10651.jpg,0
15630.jpg,0
2779.jpg,0
26505.jpg,0
26413.jpg,0
9235.jpg,0
10903.jpg,0
1572.jpg,0
13214.jpg,0
8584.jpg,0
12732.jpg,0
4238.jpg,0
11588.jpg,0
28755.jpg,0
4828.jpg,0
5194.jpg,0
22807.jpg,0
20034.jpg,0
5508.jpg,0
20200.jpg,0
20308.jpg,0
9693.jpg,0
10681.jpg,0
20226.jpg,0
26980.jpg,0
2534.jpg,0
15116.jpg,0
10271.jpg,0
9221.jpg,0
6090.jpg,0
20046.jpg,0
3298.jpg,0
6680.jpg,0
3832.jpg,0
407.jpg,0
8132.jpg,0
24315.jpg,0
3902.jpg,0
3061.jpg,0
4328.jpg,0
6147.jpg,0
4683.jpg,0
27101.jpg,0
14220.jpg,0
8376.jpg,0
11649.jpg,0
17012.jpg,0
24537.jpg,0
10825.jpg,0
6301.jpg,0
9520.jpg,0
3990.jpg,0
9179.jpg,0
13039.jpg,0
14277.jpg,0
15500.jpg,0
27025.jpg,0
2952.jpg,0
10394.jpg,0
4306.jpg,0
17172.jpg,0
2897.jpg,0
17257.jpg,0
2994.jpg,0
20267.jpg,0
1777.jpg,0
17410.jpg,0
5094.jpg,0
759.jpg,0
11716.jpg,0
21176.jpg,0
2697.jpg,0
1602.jpg,0
5666.jpg,0
8017.jpg,0
14421.jpg,0
7898.jpg,0
5806.jpg,0
26951.jpg,0
6873.jpg,0
24336.jpg,0
14746.jpg,0
17478.jpg,0
6793.jpg,0
4389.jpg,0
10029.jpg,0
5827.jpg,0
2647.jpg,0
405.jpg,0
17473.jpg,0
10456.jpg,0
2399.jpg,0
10209.jpg,0
17467.jpg,0
937.jpg,0
1552.jpg,0
26513.jpg,0
4884.jpg,0
6135.jpg,0
10501.jpg,0
12873.jpg,0
8242.jpg,0
6185.jpg,0
3329.jpg,0
12889.jpg,0
4119.jpg,0
323.jpg,0
5352.jpg,0
2640.jpg,0
6576.jpg,0
3926.jpg,0
10598.jpg,0
10840.jpg,0
11560.jpg,0
9153.jpg,0
1254.jpg,0
9930.jpg,0
25085.jpg,0
26493.jpg,0
14938.jpg,0
2136.jpg,0
11557.jpg,0
15571.jpg,0
4844.jpg,0
2242.jpg,0
21177.jpg,0
25107.jpg,0
5636.jpg,0
26997.jpg,0
7651.jpg,0
4075.jpg,0
10850.jpg,0
13226.jpg,0
4251.jpg,0
15064.jpg,0
24518.jpg,0
9864.jpg,0
14769.jpg,0
2044.jpg,0
10916.jpg,0
9726.jpg,0
5223.jpg,0
12736.jpg,0
9157.jpg,0
10085.jpg,0
2700.jpg,0
14657.jpg,0
948.jpg,0
14674.jpg,0
5399.jpg,0
2181.jpg,0
7967.jpg,0
2602.jpg,0
3689.jpg,0
9836.jpg,0
8494.jpg,0
9897.jpg,0
4236.jpg,0
11602.jpg,0
5407.jpg,0
7505.jpg,0
10810.jpg,0
25010.jpg,0
5865.jpg,0
9040.jpg,0
2050.jpg,0
15360.jpg,0
28779.jpg,0
7157.jpg,0
14635.jpg,0
15506.jpg,0
13134.jpg,0
7213.jpg,0
8314.jpg,0
4483.jpg,0
2322.jpg,0
23441.jpg,0
15366.jpg,0
23058.jpg,0
5510.jpg,0
25062.jpg,0
17573.jpg,0
15295.jpg,0
9942.jpg,0
10767.jpg,0
23253.jpg,0
4994.jpg,0
22820.jpg,0
23480.jpg,0
24642.jpg,0
4165.jpg,0
10939.jpg,0
12949.jpg,0
24279.jpg,0
6148.jpg,0
15279.jpg,0
5943.jpg,0
16848.jpg,0
17513.jpg,0
3496.jpg,0
2703.jpg,0
6798.jpg,0
4724.jpg,0
2836.jpg,0
4789.jpg,0
23231.jpg,0
14751.jpg,0
9549.jpg,0
10158.jpg,0
7823.jpg,0
14419.jpg,0
16992.jpg,0
12961.jpg,0
399.jpg,0
2963.jpg,0
10059.jpg,0
17466.jpg,0
10757.jpg,0
26514.jpg,0
17131.jpg,0
21012.jpg,0
2283.jpg,0
5655.jpg,0
11738.jpg,0
4982.jpg,0
1243.jpg,0
13029.jpg,0
24973.jpg,0
17093.jpg,0
15204.jpg,0
27263.jpg,0
5698.jpg,0
23426.jpg,0
5803.jpg,0
842.jpg,0
4831.jpg,0
7672.jpg,0
14983.jpg,0
8190.jpg,0
10132.jpg,0
12955.jpg,0
3463.jpg,0
1659.jpg,0
3559.jpg,0
5835.jpg,0
14291.jpg,0
20283.jpg,0
9166.jpg,0
22944.jpg,0
22832.jpg,0
22917.jpg,0
10874.jpg,0
8930.jpg,0
8874.jpg,0
25108.jpg,0
7821.jpg,0
20038.jpg,0
17069.jpg,0
14911.jpg,0
8831.jpg,0
4871.jpg,0
4485.jpg,0
6031.jpg,0
10159.jpg,0
9063.jpg,0
14243.jpg,0
7913.jpg,0
1259.jpg,0
8126.jpg,0
11784.jpg,0
17454.jpg,0
14274.jpg,0
9565.jpg,0
6682.jpg,0
5066.jpg,0
2866.jpg,0
8483.jpg,0
1016.jpg,0
15026.jpg,0
7845.jpg,0
20235.jpg,0
11283.jpg,0
10483.jpg,0
1754.jpg,0
1294.jpg,0
14445.jpg,0
7915.jpg,0
6600.jpg,0
17431.jpg,0
2091.jpg,0
7506.jpg,0
13034.jpg,0
5258.jpg,0
5116.jpg,0
11827.jpg,0
15420.jpg,0
2520.jpg,0
12991.jpg,0
4114.jpg,0
27026.jpg,0
11434.jpg,0
10057.jpg,0
11001.jpg,0
11040.jpg,0
5155.jpg,0
20056.jpg,0
22940.jpg,0
2583.jpg,0
1402.jpg,0
454.jpg,0
12852.jpg,0
20246.jpg,0
11617.jpg,0
6733.jpg,0
1350.jpg,0
24543.jpg,0
2211.jpg,0
10941.jpg,0
28744.jpg,0
12837.jpg,0
381.jpg,0
3465.jpg,0
2775.jpg,0
15246.jpg,0
2222.jpg,0
3360.jpg,0
23115.jpg,0
10642.jpg,0
10839.jpg,0
9193.jpg,0
16972.jpg,0
6958.jpg,0
8358.jpg,0
13235.jpg,0
4175.jpg,0
28761.jpg,0
15251.jpg,0
14337.jpg,0
25109.jpg,0
5456.jpg,0
21126.jpg,0
5019.jpg,0
6338.jpg,0
11432.jpg,0
21189.jpg,0
36.jpg,0
8426.jpg,0
10065.jpg,0
5808.jpg,0
5540.jpg,0
27226.jpg,0
23486.jpg,0
14986.jpg,0
10711.jpg,0
6393.jpg,0
6601.jpg,0
21123.jpg,0
11222.jpg,0
9595.jpg,0
3075.jpg,0
8819.jpg,0
10832.jpg,0
6328.jpg,0
6419.jpg,0
5414.jpg,0
11198.jpg,0
6834.jpg,0
9071.jpg,0
9265.jpg,0
6034.jpg,0
17042.jpg,0
27016.jpg,0
25136.jpg,0
3985.jpg,0
4669.jpg,0
15587.jpg,0
8536.jpg,0
26588.jpg,0
3604.jpg,0
8833.jpg,0
11486.jpg,0
2161.jpg,0
14435.jpg,0
14269.jpg,0
10772.jpg,0
1018.jpg,0
3700.jpg,0
1559.jpg,0
4399.jpg,0
7786.jpg,0
5173.jpg,0
23505.jpg,0
7361.jpg,0
2424.jpg,0
809.jpg,0
17517.jpg,0
23071.jpg,0
9494.jpg,0
1543.jpg,0
8434.jpg,0
14453.jpg,0
2080.jpg,0
23547.jpg,0
777.jpg,0
10148.jpg,0
4179.jpg,0
10878.jpg,0
21206.jpg,0
24449.jpg,0
6042.jpg,0
6252.jpg,0
4315.jpg,0
17568.jpg,0
8418.jpg,0
10493.jpg,0
4989.jpg,0
5388.jpg,0
2420.jpg,0
24618.jpg,0
12927.jpg,0
5420.jpg,0
15304.jpg,0
7164.jpg,0
7234.jpg,0
14849.jpg,0
24264.jpg,0
3257.jpg,0
8585.jpg,0
10079.jpg,0
9358.jpg,0
23055.jpg,0
15523.jpg,0
2552.jpg,0
14935.jpg,0
27042.jpg,0
8788.jpg,0
6856.jpg,0
24560.jpg,0
9758.jpg,0
7702.jpg,0
20471.jpg,0
10.jpg,0
14693.jpg,0
10910.jpg,0
787.jpg,0
6617.jpg,0
1485.jpg,0
8002.jpg,0
1840.jpg,0
12797.jpg,0
9194.jpg,0
1631.jpg,0
27280.jpg,0
17269.jpg,0
8910.jpg,0
19967.jpg,0
28753.jpg,0
3613.jpg,0
5949.jpg,0
8902.jpg,0
3124.jpg,0
4033.jpg,0
15197.jpg,0
3531.jpg,0
8249.jpg,0
10740.jpg,0
9479.jpg,0
2233.jpg,0
5423.jpg,0
14920.jpg,0
14592.jpg,0
9701.jpg,0
969.jpg,0
7867.jpg,0
27172.jpg,0
3830.jpg,0
1504.jpg,0
11196.jpg,0
14605.jpg,0
1646.jpg,0
8802.jpg,0
1082.jpg,0
20342.jpg,0
27031.jpg,0
27169.jpg,0
10107.jpg,0
15389.jpg,0
10990.jpg,0
26403.jpg,0
9292.jpg,0
12688.jpg,0
23262.jpg,0
8517.jpg,0
21121.jpg,0
23050.jpg,0
8846.jpg,0
9681.jpg,0
23372.jpg,0
23365.jpg,0
11313.jpg,0
4697.jpg,0
25028.jpg,0
4355.jpg,0
14956.jpg,0
2856.jpg,0
15039.jpg,0
6488.jpg,0
10867.jpg,0
8352.jpg,0
2960.jpg,0
17070.jpg,0
28758.jpg,0
9465.jpg,0
15249.jpg,0
2729.jpg,0
8023.jpg,0
2559.jpg,0
15289.jpg,0
2251.jpg,0
20417.jpg,0
6811.jpg,0
4486.jpg,0
5149.jpg,0
8581.jpg,0
202.jpg,0
8337.jpg,0
12993.jpg,0
5113.jpg,0
7958.jpg,0
2103.jpg,0
20005.jpg,0
20509.jpg,0
8313.jpg,0
15130.jpg,0
27276.jpg,0
14863.jpg,0
1040.jpg,0
1308.jpg,0
11822.jpg,0
12834.jpg,0
20480.jpg,0
4889.jpg,0
20263.jpg,0
6634.jpg,0
6580.jpg,0
13038.jpg,0
23455.jpg,0
1078.jpg,0
15536.jpg,0
5267.jpg,0
9833.jpg,0
6387.jpg,0
5056.jpg,0
1041.jpg,0
7175.jpg,0
6546.jpg,0
17340.jpg,0
20269.jpg,0
3955.jpg,0
11724.jpg,0
14543.jpg,0
15238.jpg,0
15213.jpg,0
20366.jpg,0
17338.jpg,0
14666.jpg,0
3623.jpg,0
2631.jpg,0
14806.jpg,0
24374.jpg,0
11627.jpg,0
10890.jpg,0
3499.jpg,0
4050.jpg,0
9981.jpg,0
14871.jpg,0
11698.jpg,0
5491.jpg,0
2893.jpg,0
2286.jpg,0
5459.jpg,0
2247.jpg,0
8082.jpg,0
17414.jpg,0
26559.jpg,0
5503.jpg,0
9022.jpg,0
3721.jpg,0
2253.jpg,0
174.jpg,0
14944.jpg,0
15261.jpg,0
10481.jpg,0
14596.jpg,0
6375.jpg,0
10660.jpg,0
27293.jpg,0
5231.jpg,0
11692.jpg,0
13196.jpg,0
494.jpg,0
4574.jpg,0
13144.jpg,0
5647.jpg,0
1671.jpg,0
6324.jpg,0
1300.jpg,0
13067.jpg,0
8715.jpg,0
8123.jpg,0
1597.jpg,0
1620.jpg,0
10229.jpg,0
7962.jpg,0
2516.jpg,0
2680.jpg,0
9287.jpg,0
7829.jpg,0
461.jpg,0
5494.jpg,0
11755.jpg,0
9360.jpg,0
27006.jpg,0
9759.jpg,0
26393.jpg,0
7640.jpg,0
4479.jpg,0
11121.jpg,0
11386.jpg,0
22901.jpg,0
25091.jpg,0
11339.jpg,0
5479.jpg,0
6775.jpg,0
9468.jpg,0
14428.jpg,0
8574.jpg,0
3020.jpg,0
4352.jpg,0
2953.jpg,0
2401.jpg,0
7670.jpg,0
10326.jpg,0
7522.jpg,0
13231.jpg,0
4283.jpg,0
151.jpg,0
15387.jpg,0
24519.jpg,0
14786.jpg,0
9997.jpg,0
4593.jpg,0
5612.jpg,0
3629.jpg,0
24338.jpg,0
7621.jpg,0
23251.jpg,0
6745.jpg,0
23387.jpg,0
6692.jpg,0
852.jpg,0
24520.jpg,0
2370.jpg,0
7914.jpg,0
14900.jpg,0
26429.jpg,0
2271.jpg,0
13127.jpg,0
12690.jpg,0
11803.jpg,0
9031.jpg,0
14142.jpg,0
12976.jpg,0
20257.jpg,0
7448.jpg,0
22968.jpg,0
2772.jpg,0
3734.jpg,0
1854.jpg,0
20505.jpg,0
1225.jpg,0
9517.jpg,0
1298.jpg,0
5931.jpg,0
1388.jpg,0
7024.jpg,0
2988.jpg,0
7946.jpg,0
464.jpg,0
25086.jpg,0
8124.jpg,0
9948.jpg,0
7367.jpg,0
3501.jpg,0
21043.jpg,0
20083.jpg,0
9575.jpg,0
2018.jpg,0
9504.jpg,0
9765.jpg,0
10680.jpg,0
1346.jpg,0
5761.jpg,0
6629.jpg,0
1696.jpg,0
5384.jpg,0
8436.jpg,0
29046.jpg,0
2461.jpg,0
17434.jpg,0
11391.jpg,0
5002.jpg,0
6463.jpg,0
28752.jpg,0
4891.jpg,0
3565.jpg,0
7179.jpg,0
5190.jpg,0
9941.jpg,0
10293.jpg,0
23464.jpg,0
23145.jpg,0
3458.jpg,0
17135.jpg,0
7519.jpg,0
1424.jpg,0
20228.jpg,0
977.jpg,0
14841.jpg,0
14859.jpg,0
7333.jpg,0
2281.jpg,0
10392.jpg,0
8391.jpg,0
2861.jpg,0
24402.jpg,0
1991.jpg,0
28734.jpg,0
17552.jpg,0
4532.jpg,0
290.jpg,0
12.jpg,0
2330.jpg,0
11378.jpg,0
9647.jpg,0
11697.jpg,0
1682.jpg,0
6493.jpg,0
5445.jpg,0
7066.jpg,0
28830.jpg,0
3913.jpg,0
5236.jpg,0
5596.jpg,0
6370.jpg,0
21129.jpg,0
82.jpg,0
23284.jpg,0
81.jpg,0
13181.jpg,0
2905.jpg,0
15293.jpg,0
6188.jpg,0
7780.jpg,0
9872.jpg,0
3039.jpg,0
1741.jpg,0
8055.jpg,0
8265.jpg,0
6757.jpg,0
13204.jpg,0
5467.jpg,0
17362.jpg,0
5450.jpg,0
1937.jpg,0
5920.jpg,0
8366.jpg,0
4394.jpg,0
23212.jpg,0
10348.jpg,0
13140.jpg,0
10206.jpg,0
20410.jpg,0
23467.jpg,0
5743.jpg,0
5092.jpg,0
29036.jpg,0
5179.jpg,0
23148.jpg,0
6407.jpg,0
55.jpg,0
25273.jpg,0
5842.jpg,0
1440.jpg,0
15521.jpg,0
16909.jpg,0
1621.jpg,0
11690.jpg,0
6814.jpg,0
3510.jpg,0
6854.jpg,0
14815.jpg,0
1685.jpg,0
6317.jpg,0
21208.jpg,0
2035.jpg,0
1897.jpg,0
8515.jpg,0
9448.jpg,0
5458.jpg,0
27081.jpg,0
8269.jpg,0
15210.jpg,0
1022.jpg,0
21197.jpg,0
23051.jpg,0
4465.jpg,0
27036.jpg,0
15384.jpg,0
10742.jpg,0
4596.jpg,0
10924.jpg,0
7222.jpg,0
10106.jpg,0
20209.jpg,0
15374.jpg,0
21055.jpg,0
10022.jpg,0
9008.jpg,0
7090.jpg,0
9084.jpg,0
3172.jpg,0
10405.jpg,0
26470.jpg,0
1500.jpg,0
13246.jpg,0
14130.jpg,0
20430.jpg,0
2939.jpg,0
26434.jpg,0
27133.jpg,0
13132.jpg,0
4622.jpg,0
10434.jpg,0
20383.jpg,0
9206.jpg,0
5053.jpg,0
10211.jpg,0
15346.jpg,0
7992.jpg,0
4071.jpg,0
11115.jpg,0
25204.jpg,0
10858.jpg,0
10826.jpg,0
11411.jpg,0
8683.jpg,0
9853.jpg,0
20157.jpg,0
873.jpg,0
27127.jpg,0
10221.jpg,0
3246.jpg,0
27208.jpg,0
22869.jpg,0
14765.jpg,0
6604.jpg,0
5923.jpg,0
1267.jpg,0
24978.jpg,0
3590.jpg,0
22925.jpg,0
14730.jpg,0
24253.jpg,0
3725.jpg,0
10866.jpg,0
6227.jpg,0
10416.jpg,0
9231.jpg,0
20075.jpg,0
7344.jpg,0
4393.jpg,0
10879.jpg,0
2773.jpg,0
9873.jpg,0
6832.jpg,0
384.jpg,0
14977.jpg,0
25024.jpg,0
12865.jpg,0
15229.jpg,0
22907.jpg,0
1119.jpg,0
5067.jpg,0
27094.jpg,0
12816.jpg,0
12731.jpg,0
10641.jpg,0
15148.jpg,0
20481.jpg,0
11768.jpg,0
4060.jpg,0
28910.jpg,0
7195.jpg,0
993.jpg,0
15591.jpg,0
6160.jpg,0
1612.jpg,0
11756.jpg,0
14602.jpg,0
7657.jpg,0
15285.jpg,0
4249.jpg,0
6279.jpg,0
7236.jpg,0
25126.jpg,0
25213.jpg,0
9141.jpg,0
26386.jpg,0
2311.jpg,0
8047.jpg,0
8756.jpg,0
15443.jpg,0
23529.jpg,0
1162.jpg,0
14406.jpg,0
7619.jpg,0
8929.jpg,0
11065.jpg,0
3052.jpg,0
171.jpg,0
9446.jpg,0
14946.jpg,0
10419.jpg,0
7399.jpg,0
24609.jpg,0
24339.jpg,0
13136.jpg,0
26456.jpg,0
27223.jpg,0
2115.jpg,0
10725.jpg,0
6549.jpg,0
746.jpg,0
14734.jpg,0
3875.jpg,0
27180.jpg,0
5354.jpg,0
11603.jpg,0
26351.jpg,0
24316.jpg,0
6209.jpg,0
15392.jpg,0
10876.jpg,0
11197.jpg,0
22882.jpg,0
14990.jpg,0
10408.jpg,0
1619.jpg,0
1467.jpg,0
2117.jpg,0
2698.jpg,0
9760.jpg,0
4725.jpg,0
20184.jpg,0
9949.jpg,0
11275.jpg,0
24379.jpg,0
17277.jpg,0
14972.jpg,0
25288.jpg,0
22908.jpg,0
23411.jpg,0
8621.jpg,0
17379.jpg,0
11503.jpg,0
2885.jpg,0
24404.jpg,0
2992.jpg,0
5162.jpg,0
24660.jpg,0
17203.jpg,0
8406.jpg,0
20112.jpg,0
2975.jpg,0
25127.jpg,0
10193.jpg,0
3180.jpg,0
14443.jpg,0
7598.jpg,0
24662.jpg,0
9664.jpg,0
11364.jpg,0
8794.jpg,0
5312.jpg,0
28862.jpg,0
7268.jpg,0
1663.jpg,0
3109.jpg,0
10934.jpg,0
2058.jpg,0
9546.jpg,0
20303.jpg,0
20054.jpg,0
6033.jpg,0
11211.jpg,0
26582.jpg,0
27062.jpg,0
1680.jpg,0
957.jpg,0
8179.jpg,0
10953.jpg,0
3972.jpg,0
6163.jpg,0
12705.jpg,0
28803.jpg,0
5613.jpg,0
7260.jpg,0
28782.jpg,0
15511.jpg,0
15504.jpg,0
9341.jpg,0
361.jpg,0
28950.jpg,0
6569.jpg,0
5401.jpg,0
3406.jpg,0
27232.jpg,0
17602.jpg,0
3434.jpg,0
10038.jpg,0
5444.jpg,0
24992.jpg,0
9269.jpg,0
2252.jpg,0
10989.jpg,0
17106.jpg,0
14156.jpg,0
60.jpg,0
4857.jpg,0
10320.jpg,0
12977.jpg,0
8591.jpg,0
1044.jpg,0
467.jpg,0
14784.jpg,0
2157.jpg,0
4193.jpg,0
10705.jpg,0
17334.jpg,0
26969.jpg,0
8134.jpg,0
11354.jpg,0
1013.jpg,0
429.jpg,0
2810.jpg,0
25246.jpg,0
7298.jpg,0
5725.jpg,0
5329.jpg,0
9657.jpg,0
25020.jpg,0
11675.jpg,0
1182.jpg,0
3665.jpg,0
13033.jpg,0
12918.jpg,0
10967.jpg,0
6729.jpg,0
28724.jpg,0
4704.jpg,0
4403.jpg,0
2403.jpg,0
13050.jpg,0
20058.jpg,0
1561.jpg,0
9798.jpg,0
4986.jpg,0
10433.jpg,0
17619.jpg,0
8000.jpg,0
15471.jpg,0
5088.jpg,0
10755.jpg,0
2804.jpg,0
12646.jpg,0
14936.jpg,0
13245.jpg,0
20259.jpg,0
17019.jpg,0
7620.jpg,0
4708.jpg,0
1287.jpg,0
17415.jpg,0
7583.jpg,0
10687.jpg,0
867.jpg,0
7615.jpg,0
35.jpg,0
5679.jpg,0
21204.jpg,0
10357.jpg,0
3228.jpg,0
16993.jpg,0
8063.jpg,0
5455.jpg,0
11573.jpg,0
6352.jpg,0
15582.jpg,0
341.jpg,0
28944.jpg,0
3299.jpg,0
4988.jpg,0
28970.jpg,0
5786.jpg,0
25218.jpg,0
15048.jpg,0
829.jpg,0
11324.jpg,0
14393.jpg,0
27154.jpg,0
3719.jpg,0
28914.jpg,0
4374.jpg,0
8572.jpg,0
12723.jpg,0
17388.jpg,0
6860.jpg,0
827.jpg,0
8182.jpg,0
8283.jpg,0
7637.jpg,0
176.jpg,0
27116.jpg,0
8955.jpg,0
12821.jpg,0
15550.jpg,0
6032.jpg,0
8593.jpg,0
7782.jpg,0
14431.jpg,0
1301.jpg,0
3288.jpg,0
23519.jpg,0
25090.jpg,0
2594.jpg,0
6571.jpg,0
14189.jpg,0
8009.jpg,0
12800.jpg,0
6205.jpg,0
23454.jpg,0
8248.jpg,0
5348.jpg,0
7138.jpg,0
3331.jpg,0
3602.jpg,0
3336.jpg,0
8869.jpg,0
8844.jpg,0
3117.jpg,0
3334.jpg,0
27167.jpg,0
13172.jpg,0
2979.jpg,0
1743.jpg,0
7250.jpg,0
9478.jpg,0
10198.jpg,0
7515.jpg,0
28941.jpg,0
13080.jpg,0
8891.jpg,0
1330.jpg,0
12904.jpg,0
15027.jpg,0
834.jpg,0
7600.jpg,0
14855.jpg,0
5738.jpg,0
945.jpg,0
9340.jpg,0
5675.jpg,0
8308.jpg,0
8169.jpg,0
109.jpg,0
5847.jpg,0
3397.jpg,0
462.jpg,0
7934.jpg,0
3088.jpg,0
28926.jpg,0
2831.jpg,0
12835.jpg,0
23119.jpg,0
17442.jpg,0
28797.jpg,0
9641.jpg,0
16914.jpg,0
3194.jpg,0
24664.jpg,0
2462.jpg,0
1328.jpg,0
15187.jpg,0
310.jpg,0
6819.jpg,0
4476.jpg,0
391.jpg,0
17411.jpg,0
12652.jpg,0
20448.jpg,0
61.jpg,0
14324.jpg,0
9276.jpg,0
7709.jpg,0
23430.jpg,0
4103.jpg,0
1919.jpg,0
5896.jpg,0
2224.jpg,0
3300.jpg,0
7524.jpg,0
26957.jpg,0
12790.jpg,0
24578.jpg,0
28953.jpg,0
25067.jpg,0
5938.jpg,0
5840.jpg,0
27297.jpg,0
14517.jpg,0
6333.jpg,0
5851.jpg,0
4525.jpg,0
27015.jpg,0
340.jpg,0
9607.jpg,0
21139.jpg,0
6405.jpg,0
5441.jpg,0
3802.jpg,0
20166.jpg,0
26350.jpg,0
17008.jpg,0
22967.jpg,0
440.jpg,0
24334.jpg,0
794.jpg,0
7894.jpg,0
20434.jpg,0
7908.jpg,0
10048.jpg,0
7543.jpg,0
339.jpg,0
5033.jpg,0
1693.jpg,0
9947.jpg,0
10139.jpg,0
14202.jpg,0
6867.jpg,0
3000.jpg,0
2972.jpg,0
11031.jpg,0
9745.jpg,0
12686.jpg,0
25227.jpg,0
1437.jpg,0
243.jpg,0
4259.jpg,0
4614.jpg,0
17314.jpg,0
6612.jpg,0
1065.jpg,0
8697.jpg,0
47.jpg,0
9077.jpg,0
10777.jpg,0
5534.jpg,0
22973.jpg,0
27137.jpg,0
2762.jpg,0
15382.jpg,0
7855.jpg,0
6019.jpg,0
1969.jpg,0
3489.jpg,0
27257.jpg,0
9955.jpg,0
14207.jpg,0
14134.jpg,0
24595.jpg,0
9267.jpg,0
8620.jpg,0
10821.jpg,0
14773.jpg,0
9869.jpg,0
5436.jpg,0
11235.jpg,0
2086.jpg,0
24443.jpg,0
2033.jpg,0
6690.jpg,0
5439.jpg,0
23377.jpg,0
8329.jpg,0
7951.jpg,0
3583.jpg,0
9699.jpg,0
11002.jpg,0
25118.jpg,0
1876.jpg,0
1599.jpg,0
10846.jpg,0
17610.jpg,0
7489.jpg,0
5471.jpg,0
5998.jpg,0
2868.jpg,0
3850.jpg,0
24312.jpg,0
11468.jpg,0
8140.jpg,0
14340.jpg,0
10046.jpg,0
7271.jpg,0
4371.jpg,0
8292.jpg,0
3899.jpg,0
2339.jpg,0
15408.jpg,0
20306.jpg,0
8254.jpg,0
6561.jpg,0
6915.jpg,0
5099.jpg,0
14233.jpg,0
9989.jpg,0
778.jpg,0
10397.jpg,0
11565.jpg,0
28968.jpg,0
9082.jpg,0
9937.jpg,0
803.jpg,0
3084.jpg,0
6420.jpg,0
14515.jpg,0
8898.jpg,0
9591.jpg,0
14795.jpg,0
8784.jpg,0
5714.jpg,0
1864.jpg,0
3728.jpg,0
10342.jpg,0
14139.jpg,0
10582.jpg,0
25092.jpg,0
23189.jpg,0
1872.jpg,0
7134.jpg,0
11229.jpg,0
6719.jpg,0
276.jpg,0
4484.jpg,0
23096.jpg,0
15388.jpg,0
9670.jpg,0
4734.jpg,0
6359.jpg,0
15041.jpg,0
20297.jpg,0
15191.jpg,0
28889.jpg,0
11301.jpg,0
10827.jpg,0
10173.jpg,0
12953.jpg,0
10558.jpg,0
7321.jpg,0
7843.jpg,0
6880.jpg,0
10625.jpg,0
9845.jpg,0
6232.jpg,0
7384.jpg,0
11635.jpg,0
15335.jpg,0
10281.jpg,0
27041.jpg,0
3121.jpg,0
3199.jpg,0
2097.jpg,0
2154.jpg,0
10386.jpg,0
27212.jpg,0
26585.jpg,0
4689.jpg,0
26408.jpg,0
488.jpg,0
17561.jpg,0
6805.jpg,0
9348.jpg,0
17592.jpg,0
10907.jpg,0
4934.jpg,0
14250.jpg,0
6704.jpg,0
11758.jpg,0
14234.jpg,0
3935.jpg,0
3221.jpg,0
5586.jpg,0
24504.jpg,0
914.jpg,0
9957.jpg,0
1227.jpg,0
6235.jpg,0
5454.jpg,0
121.jpg,0
9139.jpg,0
21005.jpg,0
4782.jpg,0
14627.jpg,0
9255.jpg,0
5044.jpg,0
11727.jpg,0
3120.jpg,0
13203.jpg,0
10559.jpg,0
4927.jpg,0
24501.jpg,0
8532.jpg,0
14446.jpg,0
10940.jpg,0
11679.jpg,0
4806.jpg,0
9690.jpg,0
1806.jpg,0
26947.jpg,0
1398.jpg,0
27162.jpg,0
13126.jpg,0
17270.jpg,0
20176.jpg,0
15102.jpg,0
98.jpg,0
7900.jpg,0
3356.jpg,0
29043.jpg,0
8260.jpg,0
25185.jpg,0
7562.jpg,0
14848.jpg,0
8149.jpg,0
5007.jpg,0
3578.jpg,0
2956.jpg,0
6099.jpg,0
982.jpg,0
12711.jpg,0
27102.jpg,0
7215.jpg,0
7088.jpg,0
6392.jpg,0
5754.jpg,0
11358.jpg,0
17001.jpg,0
6679.jpg,0
4146.jpg,0
1674.jpg,0
3330.jpg,0
86.jpg,0
479.jpg,0
1601.jpg,0
3381.jpg,0
916.jpg,0
1699.jpg,0
21195.jpg,0
24311.jpg,0
4793.jpg,0
14516.jpg,0
1891.jpg,0
1282.jpg,0
11140.jpg,0
893.jpg,0
4427.jpg,0
5362.jpg,0
1595.jpg,0
2860.jpg,0
2630.jpg,0
7246.jpg,0
8991.jpg,0
8535.jpg,0
6342.jpg,0
3894.jpg,0
7772.jpg,0
24571.jpg,0
3505.jpg,0
1988.jpg,0
10749.jpg,0
26416.jpg,0
5252.jpg,0
26444.jpg,0
17606.jpg,0
2488.jpg,0
10069.jpg,0
3281.jpg,0
8644.jpg,0
1923.jpg,0
1534.jpg,0
3783.jpg,0
6097.jpg,0
1982.jpg,0
26347.jpg,0
26522.jpg,0
20052.jpg,0
1114.jpg,0
3605.jpg,0
20409.jpg,0
6052.jpg,0
1337.jpg,0
9978.jpg,0
2555.jpg,0
28964.jpg,0
481.jpg,0
23042.jpg,0
3268.jpg,0
20318.jpg,0
11513.jpg,0
17406.jpg,0
17303.jpg,0
13147.jpg,0
12668.jpg,0
3466.jpg,0
14414.jpg,0
5601.jpg,0
29042.jpg,0
4335.jpg,0
19954.jpg,0
6550.jpg,0
8035.jpg,0
9051.jpg,0
2460.jpg,0
12666.jpg,0
4230.jpg,0
14887.jpg,0
11145.jpg,0
7673.jpg,0
452.jpg,0
2321.jpg,0
451.jpg,0
13183.jpg,0
12947.jpg,0
28722.jpg,0
6893.jpg,0
6724.jpg,0
4737.jpg,0
28786.jpg,0
213.jpg,0
21109.jpg,0
1653.jpg,0
5927.jpg,0
1199.jpg,0
10932.jpg,0
2529.jpg,0
17383.jpg,0
465.jpg,0
8086.jpg,0
8689.jpg,0
17049.jpg,0
3389.jpg,0
3992.jpg,0
9828.jpg,0
6672.jpg,0
818.jpg,0
6008.jpg,0
17506.jpg,0
1470.jpg,0
6444.jpg,0
9154.jpg,0
1055.jpg,0
9673.jpg,0
20071.jpg,0
6971.jpg,0
7069.jpg,0
7078.jpg,0
49.jpg,0
17175.jpg,0
11167.jpg,0
9011.jpg,0
1878.jpg,0
6158.jpg,0
14982.jpg,0
7253.jpg,0
2405.jpg,0
15338.jpg,0
5335.jpg,0
15271.jpg,0
24996.jpg,0
1824.jpg,0
6929.jpg,0
14949.jpg,0
10633.jpg,0
12974.jpg,0
20298.jpg,0
9407.jpg,0
3687.jpg,0
22883.jpg,0
6881.jpg,0
23022.jpg,0
4865.jpg,0
25015.jpg,0
33.jpg,0
14127.jpg,0
22995.jpg,0
23105.jpg,0
8458.jpg,0
5572.jpg,0
3142.jpg,0
10911.jpg,0
9346.jpg,0
25154.jpg,0
17261.jpg,0
1751.jpg,0
6850.jpg,0
2574.jpg,0
5619.jpg,0
2220.jpg,0
21009.jpg,0
11631.jpg,0
8713.jpg,0
8341.jpg,0
1211.jpg,0
3908.jpg,0
15539.jpg,0
17528.jpg,0
5413.jpg,0
28855.jpg,0
7318.jpg,0
16921.jpg,0
3396.jpg,0
7261.jpg,0
10011.jpg,0
12964.jpg,0
862.jpg,0
8818.jpg,0
5521.jpg,0
23425.jpg,0
3322.jpg,0
7.jpg,0
22856.jpg,0
3947.jpg,0
27206.jpg,0
20247.jpg,0
27117.jpg,0
27012.jpg,0
8389.jpg,0
26569.jpg,0
17507.jpg,0
23017.jpg,0
4692.jpg,0
14300.jpg,0
10269.jpg,0
6770.jpg,0
1064.jpg,0
7678.jpg,0
14603.jpg,0
14261.jpg,0
24257.jpg,0
3829.jpg,0
2614.jpg,0
27277.jpg,0
3437.jpg,0
19969.jpg,0
4716.jpg,0
27021.jpg,0
6026.jpg,0
1400.jpg,0
15307.jpg,0
10648.jpg,0
1694.jpg,0
17341.jpg,0
28977.jpg,0
23371.jpg,0
3435.jpg,0
7191.jpg,0
8812.jpg,0
7980.jpg,0
4141.jpg,0
28942.jpg,0
11702.jpg,0
9859.jpg,0
3592.jpg,0
4423.jpg,0
13121.jpg,0
2859.jpg,0
9335.jpg,0
28952.jpg,0
4321.jpg,0
6149.jpg,0
20286.jpg,0
11272.jpg,0
11379.jpg,0
14915.jpg,0
9420.jpg,0
3925.jpg,0
21101.jpg,0
20191.jpg,0
28928.jpg,0
15136.jpg,0
4879.jpg,0
14538.jpg,0
27095.jpg,0
433.jpg,0
5474.jpg,0
3235.jpg,0
10423.jpg,0
14225.jpg,0
5753.jpg,0
17160.jpg,0
17496.jpg,0
4764.jpg,0
21017.jpg,0
439.jpg,0
20320.jpg,0
8219.jpg,0
395.jpg,0
2434.jpg,0
26431.jpg,0
8255.jpg,0
10873.jpg,0
9537.jpg,0
2158.jpg,0
18.jpg,0
5425.jpg,0
5641.jpg,0
16965.jpg,0
17015.jpg,0
17146.jpg,0
4902.jpg,0
6499.jpg,0
24408.jpg,0
12939.jpg,0
22804.jpg,0
11304.jpg,0
3301.jpg,0
7283.jpg,0
9416.jpg,0
2728.jpg,0
11732.jpg,0
8096.jpg,0
2152.jpg,0
4753.jpg,0
5711.jpg,0
22891.jpg,0
4943.jpg,0
3826.jpg,0
10388.jpg,0
22874.jpg,0
1546.jpg,0
7482.jpg,0
27153.jpg,0
105.jpg,0
24438.jpg,0
7952.jpg,0
3586.jpg,0
2119.jpg,0
26536.jpg,0
15515.jpg,0
24273.jpg,0
1087.jpg,0
9692.jpg,0
2184.jpg,0
28727.jpg,0
3794.jpg,0
21145.jpg,0
4299.jpg,0
8569.jpg,0
10436.jpg,0
9887.jpg,0
21181.jpg,0
6453.jpg,0
7162.jpg,0
8298.jpg,0
7560.jpg,0
3836.jpg,0
21035.jpg,0
1715.jpg,0
4344.jpg,0
15435.jpg,0
7604.jpg,0
20035.jpg,0
8544.jpg,0
11741.jpg,0
21080.jpg,0
7593.jpg,0
12673.jpg,0
9351.jpg,0
23185.jpg,0
7930.jpg,0
20145.jpg,0
162.jpg,0
13076.jpg,0
13113.jpg,0
12748.jpg,0
11254.jpg,0
6094.jpg,0
4280.jpg,0
17057.jpg,0
11125.jpg,0
6613.jpg,0
5911.jpg,0
16953.jpg,0
7206.jpg,0
9881.jpg,0
3033.jpg,0
4005.jpg,0
20158.jpg,0
17180.jpg,0
6259.jpg,0
17027.jpg,0
9088.jpg,0
3063.jpg,0
5291.jpg,0
17247.jpg,0
5625.jpg,0
8571.jpg,0
21199.jpg,0
4731.jpg,0
3100.jpg,0
9056.jpg,0
16997.jpg,0
23006.jpg,0
4875.jpg,0
216.jpg,0
20313.jpg,0
20031.jpg,0
7114.jpg,0
24252.jpg,0
11714.jpg,0
23477.jpg,0
10461.jpg,0
1662.jpg,0
4870.jpg,0
8191.jpg,0
2111.jpg,0
1990.jpg,0
5422.jpg,0
4032.jpg,0
50.jpg,0
7777.jpg,0
25287.jpg,0
23417.jpg,0
25133.jpg,0
27010.jpg,0
27075.jpg,0
1494.jpg,0
3714.jpg,0
9713.jpg,0
4444.jpg,0
15359.jpg,0
11338.jpg,0
5319.jpg,0
5924.jpg,0
9492.jpg,0
14722.jpg,0
6689.jpg,0
3311.jpg,0
25096.jpg,0
29008.jpg,0
10368.jpg,0
7801.jpg,0
20061.jpg,0
20452.jpg,0
1747.jpg,0
2039.jpg,0
7355.jpg,0
138.jpg,0
15368.jpg,0
1223.jpg,0
15456.jpg,0
5539.jpg,0
2426.jpg,0
17107.jpg,0
12870.jpg,0
8706.jpg,0
27235.jpg,0
10592.jpg,0
10779.jpg,0
10020.jpg,0
17305.jpg,0
6737.jpg,0
2194.jpg,0
7259.jpg,0
8477.jpg,0
23159.jpg,0
6406.jpg,0
3218.jpg,0
9946.jpg,0
12806.jpg,0
5531.jpg,0
10090.jpg,0
2578.jpg,0
1378.jpg,0
23147.jpg,0
3078.jpg,0
6469.jpg,0
22850.jpg,0
16929.jpg,0
2355.jpg,0
9368.jpg,0
20488.jpg,0
14181.jpg,0
11351.jpg,0
14251.jpg,0
17145.jpg,0
5941.jpg,0
455.jpg,0
20296.jpg,0
2785.jpg,0
12903.jpg,0
9286.jpg,0
23238.jpg,0
4796.jpg,0
14598.jpg,0
7770.jpg,0
1031.jpg,0
26460.jpg,0
17184.jpg,0
5798.jpg,0
2991.jpg,0
25122.jpg,0
29016.jpg,0
14840.jpg,0
1203.jpg,0
21108.jpg,0
14485.jpg,0
3743.jpg,0
10147.jpg,0
5406.jpg,0
20441.jpg,0
5089.jpg,0
6555.jpg,0
13032.jpg,0
7410.jpg,0
14342.jpg,0
5516.jpg,0
12716.jpg,0
790.jpg,0
1502.jpg,0
9006.jpg,0
11276.jpg,0
24419.jpg,0
23542.jpg,0
14267.jpg,0
22837.jpg,0
16934.jpg,0
5214.jpg,0
1088.jpg,0
27217.jpg,0
5991.jpg,0
8765.jpg,0
11648.jpg,0
20224.jpg,0
8755.jpg,0
2049.jpg,0
11143.jpg,0
24555.jpg,0
14743.jpg,0
10859.jpg,0
6423.jpg,0
13182.jpg,0
12868.jpg,0
8195.jpg,0
11519.jpg,0
4291.jpg,0
4760.jpg,0
3767.jpg,0
336.jpg,0
780.jpg,0
27000.jpg,0
12992.jpg,0
2998.jpg,0
2579.jpg,0
16947.jpg,0
46.jpg,0
11200.jpg,0
3854.jpg,0
23083.jpg,0
20483.jpg,0
21182.jpg,0
10863.jpg,0
16881.jpg,0
13240.jpg,0
10055.jpg,0
9791.jpg,0
4706.jpg,0
2503.jpg,0
25034.jpg,0
28756.jpg,0
22999.jpg,0
8796.jpg,0
5902.jpg,0
3046.jpg,0
11762.jpg,0
11372.jpg,0
2672.jpg,0
14872.jpg,0
5308.jpg,0
7289.jpg,0
12691.jpg,0
14745.jpg,0
4721.jpg,0
1765.jpg,0
2973.jpg,0
11621.jpg,0
15114.jpg,0
8714.jpg,0
8959.jpg,0
3864.jpg,0
17471.jpg,0
10716.jpg,0
23432.jpg,0
7763.jpg,0
17579.jpg,0
1933.jpg,0
16871.jpg,0
5023.jpg,0
26560.jpg,0
7523.jpg,0
2834.jpg,0
6822.jpg,0
15493.jpg,0
25259.jpg,0
10179.jpg,0
14597.jpg,0
2169.jpg,0
1829.jpg,0
9349.jpg,0
1892.jpg,0
27272.jpg,0
394.jpg,0
14907.jpg,0
7922.jpg,0
9810.jpg,0
6815.jpg,0
8092.jpg,0
12851.jpg,0
2027.jpg,0
10735.jpg,0
3354.jpg,0
8979.jpg,0
380.jpg,0
3521.jpg,0
9796.jpg,0
20520.jpg,0
6128.jpg,0
14495.jpg,0
14548.jpg,0
3663.jpg,0
2000.jpg,0
20137.jpg,0
17371.jpg,0
5324.jpg,0
21131.jpg,0
8130.jpg,0
4814.jpg,0
1796.jpg,0
8317.jpg,0
5973.jpg,0
24267.jpg,0
13053.jpg,0
10110.jpg,0
2125.jpg,0
12844.jpg,0
9984.jpg,0
837.jpg,0
16846.jpg,0
14472.jpg,0
10864.jpg,0
2519.jpg,0
4873.jpg,0
8491.jpg,0
5138.jpg,0
10076.jpg,0
3178.jpg,0
6455.jpg,0
13242.jpg,0
21010.jpg,0
1816.jpg,0
2917.jpg,0
14448.jpg,0
23220.jpg,0
3296.jpg,0
4130.jpg,0
27002.jpg,0
17249.jpg,0
24290.jpg,0
14535.jpg,0
13244.jpg,0
20141.jpg,0
25104.jpg,0
11278.jpg,0
3789.jpg,0
8816.jpg,0
11363.jpg,0
5532.jpg,0
1059.jpg,0
27170.jpg,0
10196.jpg,0
2709.jpg,0
23537.jpg,0
4253.jpg,0
434.jpg,0
17350.jpg,0
2454.jpg,0
2255.jpg,0
17504.jpg,0
23141.jpg,0
10571.jpg,0
11132.jpg,0
2560.jpg,0
1194.jpg,0
8850.jpg,0
4438.jpg,0
5269.jpg,0
15527.jpg,0
896.jpg,0
9624.jpg,0
7169.jpg,0
1260.jpg,0
10013.jpg,0
7905.jpg,0
17088.jpg,0
5289.jpg,0
14924.jpg,0
3557.jpg,0
8868.jpg,0
2248.jpg,0
14965.jpg,0
24628.jpg,0
9122.jpg,0
11792.jpg,0
10790.jpg,0
10898.jpg,0
10568.jpg,0
10310.jpg,0
10691.jpg,0
14227.jpg,0
11645.jpg,0
5104.jpg,0
24538.jpg,0
5870.jpg,0
28871.jpg,0
11793.jpg,0
9089.jpg,0
15483.jpg,0
8847.jpg,0
23492.jpg,0
1471.jpg,0
2149.jpg,0
9210.jpg,0
24285.jpg,0
5472.jpg,0
11668.jpg,0
14289.jpg,0
26478.jpg,0
23474.jpg,0
2792.jpg,0
26502.jpg,0
6970.jpg,0
7814.jpg,0
3540.jpg,0
14685.jpg,0
7614.jpg,0
25286.jpg,0
20506.jpg,0
8178.jpg,0
11479.jpg,0
14749.jpg,0
24584.jpg,0
10750.jpg,0
2971.jpg,0
8789.jpg,0
7841.jpg,0
19987.jpg,0
16925.jpg,0
6471.jpg,0
17168.jpg,0
2207.jpg,0
11709.jpg,0
20065.jpg,0
3582.jpg,0
16930.jpg,0
20432.jpg,0
27192.jpg,0
21209.jpg,0
3833.jpg,0
10510.jpg,0
20241.jpg,0
1121.jpg,0
27233.jpg,0
3708.jpg,0
15008.jpg,0
1.jpg,0
4275.jpg,0
17458.jpg,0
8172.jpg,0
24283.jpg,0
14132.jpg,0
17614.jpg,0
17605.jpg,0
3042.jpg,0
15242.jpg,0
5247.jpg,0
3959.jpg,0
16863.jpg,0
17372.jpg,0
2010.jpg,0
10088.jpg,0
9177.jpg,0
20169.jpg,0
6384.jpg,0
4520.jpg,0
8753.jpg,0
8267.jpg,0
8449.jpg,0
23173.jpg,0
4937.jpg,0
3168.jpg,0
8705.jpg,0
5705.jpg,0
14800.jpg,0
9665.jpg,0
750.jpg,0
27299.jpg,0
11316.jpg,0
95.jpg,0
3545.jpg,0
15193.jpg,0
4684.jpg,0
3710.jpg,0
3137.jpg,0
26452.jpg,0
8439.jpg,0
4323.jpg,0
8447.jpg,0
442.jpg,0
9953.jpg,0
8801.jpg,0
888.jpg,0
7968.jpg,0
7681.jpg,0
9716.jpg,0
24429.jpg,0
25186.jpg,0
13010.jpg,0
17206.jpg,0
24654.jpg,0
15481.jpg,0
11660.jpg,0
7105.jpg,0
17413.jpg,0
3003.jpg,0
9086.jpg,0
17357.jpg,0
8144.jpg,0
3657.jpg,0
29603.jpg,0
8375.jpg,0
6533.jpg,0
2356.jpg,0
5229.jpg,0
27234.jpg,0
11067.jpg,0
23378.jpg,0
9609.jpg,0
2395.jpg,0
4333.jpg,0
9660.jpg,0
25253.jpg,0
4781.jpg,0
3777.jpg,0
28867.jpg,0
24515.jpg,0
4407.jpg,0
16883.jpg,0
9029.jpg,0
3452.jpg,0
2326.jpg,0
6195.jpg,0
20299.jpg,0
4369.jpg,0
11160.jpg,0
16882.jpg,0
3444.jpg,0
11319.jpg,0
26474.jpg,0
10197.jpg,0
11108.jpg,0
1607.jpg,0
11551.jpg,0
15085.jpg,0
27018.jpg,0
24522.jpg,0
11346.jpg,0
14873.jpg,0
27158.jpg,0
6329.jpg,0
5821.jpg,0
10291.jpg,0
5769.jpg,0
976.jpg,0
17618.jpg,0
6935.jpg,0
334.jpg,0
4948.jpg,0
28848.jpg,0
51.jpg,0
12897.jpg,0
8514.jpg,0
9782.jpg,0
4929.jpg,0
15429.jpg,0
16890.jpg,0
28820.jpg,0
5101.jpg,0
8820.jpg,0
24634.jpg,0
7862.jpg,0
8441.jpg,0
7313.jpg,0
3996.jpg,0
10191.jpg,0
3216.jpg,0
27211.jpg,0
23248.jpg,0
10678.jpg,0
12911.jpg,0
9162.jpg,0
1196.jpg,0
2048.jpg,0
12655.jpg,0
1377.jpg,0
3819.jpg,0
23134.jpg,0
11057.jpg,0
4131.jpg,0
15416.jpg,0
10530.jpg,0
130.jpg,0
5487.jpg,0
21002.jpg,0
24274.jpg,0
6869.jpg,0
9915.jpg,0
1531.jpg,0
19942.jpg,0
23506.jpg,0
7469.jpg,0
8685.jpg,0
1362.jpg,0
26441.jpg,0
3988.jpg,0
24269.jpg,0
4195.jpg,0
1505.jpg,0
14469.jpg,0
15062.jpg,0
4110.jpg,0
28804.jpg,0
13200.jpg,0
3834.jpg,0
3910.jpg,0
15236.jpg,0
14679.jpg,0
17182.jpg,0
27238.jpg,0
10212.jpg,0
5814.jpg,0
13090.jpg,0
15254.jpg,0
7292.jpg,0
6490.jpg,0
10573.jpg,0
7094.jpg,0
17081.jpg,0
1605.jpg,0
25251.jpg,0
3752.jpg,0
4746.jpg,0
8484.jpg,0
12739.jpg,0
9500.jpg,0
1616.jpg,0
3163.jpg,0
2098.jpg,0
3355.jpg,0
4494.jpg,0
20275.jpg,0
1899.jpg,0
2659.jpg,0
981.jpg,0
7722.jpg,0
10166.jpg,0
10929.jpg,0
14912.jpg,0
23397.jpg,0
10009.jpg,0
7818.jpg,0
20097.jpg,0
1014.jpg,0
14846.jpg,0
14432.jpg,0
15431.jpg,0
14226.jpg,0
22988.jpg,0
869.jpg,0
5331.jpg,0
11109.jpg,0
20316.jpg,0
5747.jpg,0
1799.jpg,0
760.jpg,0
11375.jpg,0
7617.jpg,0
9198.jpg,0
10150.jpg,0
4396.jpg,0
4069.jpg,0
23125.jpg,0
270.jpg,0
8526.jpg,0
7480.jpg,0
988.jpg,0
21188.jpg,0
10601.jpg,0
8885.jpg,0
4041.jpg,0
1359.jpg,0
20345.jpg,0
3108.jpg,0
5739.jpg,0
8687.jpg,0
12677.jpg,0
5975.jpg,0
3695.jpg,0
11608.jpg,0
1134.jpg,0
24946.jpg,0
8782.jpg,0
28974.jpg,0
27121.jpg,0
2828.jpg,0
4877.jpg,0
27097.jpg,0
9764.jpg,0
79.jpg,0
10465.jpg,0
4171.jpg,0
5279.jpg,0
16897.jpg,0
3320.jpg,0
8251.jpg,0
3970.jpg,0
11431.jpg,0
16936.jpg,0
5788.jpg,0
7936.jpg,0
6225.jpg,0
24300.jpg,0
11677.jpg,0
6219.jpg,0
17420.jpg,0
4370.jpg,0
1192.jpg,0
6843.jpg,0
2888.jpg,0
10780.jpg,0
10278.jpg,0
26459.jpg,0
2890.jpg,0
191.jpg,0
10632.jpg,0
26568.jpg,0
3973.jpg,0
15518.jpg,0
1859.jpg,0
2129.jpg,0
6255.jpg,0
28943.jpg,0
14286.jpg,0
17599.jpg,0
309.jpg,0
13040.jpg,0
1335.jpg,0
11246.jpg,0
9052.jpg,0
9574.jpg,0
